Date,Site,State,Latitude,Longitude,PM2.5,PM10,NH3,SO2,AQI
2025-08-17 23:50:00,Alipur,Delhi,28.815691,77.15301,24.0,46.0,76.6,4.6,82
2025-08-18 00:00:00,Alipur,Delhi,28.815691,77.15301,28.0,52.0,75.6,4.5,82
2025-08-18 00:30:00,Alipur,Delhi,28.815691,77.15301,28.0,52.0,75.8,4.7,82
2025-08-18 00:50:00,Alipur,Delhi,28.815691,77.15301,28.0,52.0,-1.0,5.2,82
2025-08-18 01:00:00,Alipur,Delhi,28.815691,77.15301,31.0,58.0,77.3,4.7,95
2025-08-18 01:30:00,Alipur,Delhi,28.815691,77.15301,31.0,58.0,78.0,4.5,95
2025-08-18 01:50:00,Alipur,Delhi,28.815691,77.15301,31.0,58.0,79.9,4.7,95
2025-08-18 02:00:00,Alipur,Delhi,28.815691,77.15301,31.0,53.0,-1.0,-1.0,82
2025-08-18 02:30:00,Alipur,Delhi,28.815691,77.15301,31.0,53.0,-1.0,-1.0,82
2025-08-18 02:50:00,Alipur,Delhi,28.815691,77.15301,31.0,53.0,95.7,4.7,82
2025-08-18 03:00:00,Alipur,Delhi,28.815691,77.15301,38.0,52.0,91.6,4.3,82
2025-08-18 03:30:00,Alipur,Delhi,28.815691,77.15301,38.0,52.0,84.7,5.8,82
2025-08-18 03:50:00,Alipur,Delhi,28.815691,77.15301,38.0,52.0,83.0,5.8,82
2025-08-18 04:00:00,Alipur,Delhi,28.815691,77.15301,30.0,44.0,82.0,5.4,67
2025-08-18 04:30:00,Alipur,Delhi,28.815691,77.15301,30.0,44.0,77.8,-1.0,67
2025-08-18 04:50:00,Alipur,Delhi,28.815691,77.15301,30.0,44.0,81.4,6.1,67
2025-08-18 05:00:00,Alipur,Delhi,28.815691,77.15301,18.0,44.0,80.1,7.0,67
2025-08-18 07:20:00,Alipur,Delhi,28.815691,77.15301,22.0,41.0,78.8,7.7,67
2025-08-18 09:00:00,Alipur,Delhi,28.815691,77.15301,29.0,46.0,75.2,7.4,82
2025-08-18 09:50:00,Alipur,Delhi,28.815691,77.15301,29.0,46.0,72.6,7.6,82
2025-08-18 10:20:00,Alipur,Delhi,28.815691,77.15301,24.0,28.0,71.4,8.4,47
2025-08-18 10:50:00,Alipur,Delhi,28.815691,77.15301,24.0,28.0,71.0,7.1,47
2025-08-18 11:00:00,Alipur,Delhi,28.815691,77.15301,16.0,25.0,72.4,6.1,47
2025-08-18 11:50:00,Alipur,Delhi,28.815691,77.15301,16.0,25.0,71.2,5.2,47
2025-08-18 12:20:00,Alipur,Delhi,28.815691,77.15301,81.0,49.8,70.4,5.4,82
2025-08-18 12:50:00,Alipur,Delhi,28.815691,77.15301,81.0,49.8,71.9,6.2,82
2025-08-18 13:00:00,Alipur,Delhi,28.815691,77.15301,16.0,49.3,71.9,5.9,82
2025-08-18 13:50:00,Alipur,Delhi,28.815691,77.15301,16.0,49.3,74.1,5.6,82
2025-08-18 14:05:00,Alipur,Delhi,28.815691,77.15301,14.0,22.0,74.0,4.5,47
2025-08-18 14:50:00,Alipur,Delhi,28.815691,77.15301,14.0,22.0,72.3,4.7,47
2025-08-18 15:00:00,Alipur,Delhi,28.815691,77.15301,18.0,33.0,70.3,4.2,47
2025-08-18 15:30:00,Alipur,Delhi,28.815691,77.15301,18.0,33.0,70.7,3.8,47
2025-08-18 16:00:00,Alipur,Delhi,28.815691,77.15301,17.0,22.0,70.9,5.5,47
2025-08-18 16:30:00,Alipur,Delhi,28.815691,77.15301,17.0,22.0,68.9,-1.0,47
2025-08-18 16:50:00,Alipur,Delhi,28.815691,77.15301,17.0,22.0,70.8,4.6,47
2025-08-18 17:05:00,Alipur,Delhi,28.815691,77.15301,12.0,25.0,70.6,4.0,47
2025-08-18 18:05:00,Alipur,Delhi,28.815691,77.15301,11.0,42.9,69.3,4.2,67
2025-08-18 18:50:00,Alipur,Delhi,28.815691,77.15301,11.0,42.1,68.2,3.3,67
2025-08-18 19:00:00,Alipur,Delhi,28.815691,77.15301,18.0,30.0,67.5,2.9,47
2025-08-18 19:50:00,Alipur,Delhi,28.815691,77.15301,18.0,30.0,68.3,4.4,47
2025-08-18 20:00:00,Alipur,Delhi,28.815691,77.15301,9.0,31.0,67.2,4.3,47
2025-08-18 20:30:00,Alipur,Delhi,28.815691,77.15301,9.0,31.0,68.2,3.4,47
2025-08-18 21:05:00,Alipur,Delhi,28.815691,77.15301,17.0,41.0,67.4,3.6,67
2025-08-18 21:50:00,Alipur,Delhi,28.815691,77.15301,17.0,41.0,69.7,4.1,67
2025-08-18 22:00:00,Alipur,Delhi,28.815691,77.15301,27.0,46.0,68.4,3.5,82
2025-08-18 22:35:00,Alipur,Delhi,28.815691,77.15301,27.0,46.0,71.7,-1.0,82
2025-08-18 23:05:00,Alipur,Delhi,28.815691,77.15301,34.0,68.0,70.8,5.7,123
2025-08-18 23:50:00,Alipur,Delhi,28.815691,77.15301,34.0,68.0,70.9,7.1,123
2025-08-19 00:00:00,Alipur,Delhi,28.815691,77.15301,22.0,57.0,69.9,7.1,95
2025-08-19 00:30:00,Alipur,Delhi,28.815691,77.15301,22.0,57.0,69.9,6.8,95
2025-08-19 00:50:00,Alipur,Delhi,28.815691,77.15301,22.0,57.0,70.3,7.8,95
2025-08-19 01:00:00,Alipur,Delhi,28.815691,77.15301,30.0,53.0,69.9,8.1,82
2025-08-19 01:30:00,Alipur,Delhi,28.815691,77.15301,30.0,53.0,68.6,7.9,82
2025-08-19 01:50:00,Alipur,Delhi,28.815691,77.15301,30.0,53.0,70.3,7.6,82
2025-08-19 02:00:00,Alipur,Delhi,28.815691,77.15301,30.0,55.0,-1.0,-1.0,95
2025-08-19 02:30:00,Alipur,Delhi,28.815691,77.15301,30.0,55.0,-1.0,-1.0,95
2025-08-19 02:50:00,Alipur,Delhi,28.815691,77.15301,30.0,55.0,88.7,4.8,95
2025-08-19 03:00:00,Alipur,Delhi,28.815691,77.15301,23.0,46.0,81.7,7.0,82
2025-08-19 03:30:00,Alipur,Delhi,28.815691,77.15301,23.0,46.0,75.9,8.0,82
2025-08-19 03:50:00,Alipur,Delhi,28.815691,77.15301,23.0,46.0,76.5,7.6,82
2025-08-17 22:55:00,Anand Vihar,Delhi,28.647622,77.315809,34.0,99.0,49.3,18.1,229
2025-08-17 23:10:00,Anand Vihar,Delhi,28.647622,77.315809,49.0,101.0,43.5,18.7,229
2025-08-17 23:55:00,Anand Vihar,Delhi,28.647622,77.315809,49.0,101.0,39.5,18.3,229
2025-08-18 00:10:00,Anand Vihar,Delhi,28.647622,77.315809,48.0,103.0,45.7,16.4,245
2025-08-18 00:40:00,Anand Vihar,Delhi,28.647622,77.315809,48.0,103.0,50.1,11.6,245
2025-08-18 00:55:00,Anand Vihar,Delhi,28.647622,77.315809,48.0,103.0,44.2,13.2,245
2025-08-18 01:10:00,Anand Vihar,Delhi,28.647622,77.315809,68.0,113.0,43.4,11.4,281
2025-08-18 01:40:00,Anand Vihar,Delhi,28.647622,77.315809,68.0,113.0,52.0,5.1,281
2025-08-18 01:55:00,Anand Vihar,Delhi,28.647622,77.315809,68.0,113.0,60.5,6.9,281
2025-08-18 02:10:00,Anand Vihar,Delhi,28.647622,77.315809,91.0,191.0,-1.0,-1.0,356
2025-08-18 02:40:00,Anand Vihar,Delhi,28.647622,77.315809,91.0,191.0,59.1,5.3,356
2025-08-18 02:55:00,Anand Vihar,Delhi,28.647622,77.315809,91.0,191.0,56.0,4.4,356
2025-08-18 03:10:00,Anand Vihar,Delhi,28.647622,77.315809,62.0,92.0,47.6,6.4,200
2025-08-18 03:40:00,Anand Vihar,Delhi,28.647622,77.315809,62.0,92.0,52.3,8.9,200
2025-08-18 03:55:00,Anand Vihar,Delhi,28.647622,77.315809,62.0,92.0,53.4,9.3,200
2025-08-18 04:10:00,Anand Vihar,Delhi,28.647622,77.315809,71.0,96.0,52.6,9.0,213
2025-08-18 04:40:00,Anand Vihar,Delhi,28.647622,77.315809,71.0,96.0,54.5,8.9,213
2025-08-18 04:55:00,Anand Vihar,Delhi,28.647622,77.315809,71.0,96.0,48.6,7.7,213
2025-08-18 05:10:00,Anand Vihar,Delhi,28.647622,77.315809,62.0,86.0,56.0,10.5,184
2025-08-18 07:25:00,Anand Vihar,Delhi,28.647622,77.315809,-1.0,102.2,48.7,10.3,245
2025-08-18 09:10:00,Anand Vihar,Delhi,28.647622,77.315809,54.0,83.0,46.5,11.1,170
2025-08-18 09:55:00,Anand Vihar,Delhi,28.647622,77.315809,54.0,83.0,48.6,12.7,170
2025-08-18 10:25:00,Anand Vihar,Delhi,28.647622,77.315809,59.0,95.0,47.4,12.2,213
2025-08-18 10:55:00,Anand Vihar,Delhi,28.647622,77.315809,59.0,95.0,47.8,11.6,213
2025-08-18 11:10:00,Anand Vihar,Delhi,28.647622,77.315809,48.0,78.0,43.2,11.1,155
2025-08-18 11:55:00,Anand Vihar,Delhi,28.647622,77.315809,48.0,78.0,51.2,16.8,155
2025-08-18 12:25:00,Anand Vihar,Delhi,28.647622,77.315809,91.0,207.0,48.7,15.9,371
2025-08-18 12:55:00,Anand Vihar,Delhi,28.647622,77.315809,91.0,207.0,55.4,11.8,371
2025-08-18 13:10:00,Anand Vihar,Delhi,28.647622,77.315809,70.0,112.0,56.7,12.8,281
2025-08-18 13:55:00,Anand Vihar,Delhi,28.647622,77.315809,70.0,112.0,59.4,10.3,281
2025-08-18 14:10:00,Anand Vihar,Delhi,28.647622,77.315809,67.0,103.0,64.5,8.7,245
2025-08-18 14:55:00,Anand Vihar,Delhi,28.647622,77.315809,67.0,103.0,62.5,9.1,245
2025-08-18 15:10:00,Anand Vihar,Delhi,28.647622,77.315809,46.0,81.0,67.2,10.8,170
2025-08-18 15:40:00,Anand Vihar,Delhi,28.647622,77.315809,46.0,81.0,64.4,8.8,170
2025-08-18 16:10:00,Anand Vihar,Delhi,28.647622,77.315809,32.0,80.0,74.2,8.5,170
2025-08-18 16:40:00,Anand Vihar,Delhi,28.647622,77.315809,32.0,80.0,63.4,13.6,170
2025-08-18 16:55:00,Anand Vihar,Delhi,28.647622,77.315809,32.0,80.0,56.5,13.2,170
2025-08-18 17:10:00,Anand Vihar,Delhi,28.647622,77.315809,-1.0,99.7,57.7,16.3,229
2025-08-18 18:10:00,Anand Vihar,Delhi,28.647622,77.315809,21.0,56.0,47.1,13.1,95
2025-08-18 18:55:00,Anand Vihar,Delhi,28.647622,77.315809,21.0,56.0,49.8,12.2,95
2025-08-18 19:10:00,Anand Vihar,Delhi,28.647622,77.315809,42.0,95.0,43.4,13.0,213
2025-08-18 19:55:00,Anand Vihar,Delhi,28.647622,77.315809,42.0,95.0,48.0,13.3,213
2025-08-18 20:10:00,Anand Vihar,Delhi,28.647622,77.315809,58.0,144.0,57.8,9.4,324
2025-08-18 20:40:00,Anand Vihar,Delhi,28.647622,77.315809,58.0,144.0,46.8,12.8,324
2025-08-18 21:10:00,Anand Vihar,Delhi,28.647622,77.315809,69.0,136.0,47.8,11.8,307
2025-08-18 21:55:00,Anand Vihar,Delhi,28.647622,77.315809,69.0,136.0,50.8,14.7,307
2025-08-18 22:10:00,Anand Vihar,Delhi,28.647622,77.315809,125.0,261.0,48.6,14.9,403
2025-08-18 22:40:00,Anand Vihar,Delhi,28.647622,77.315809,125.0,261.0,46.4,12.3,403
2025-08-18 23:10:00,Anand Vihar,Delhi,28.647622,77.315809,71.0,162.0,57.1,10.7,324
2025-08-18 23:55:00,Anand Vihar,Delhi,28.647622,77.315809,71.0,162.0,55.5,8.7,324
2025-08-19 00:10:00,Anand Vihar,Delhi,28.647622,77.315809,80.0,146.0,56.4,8.1,324
2025-08-19 00:40:00,Anand Vihar,Delhi,28.647622,77.315809,80.0,146.0,61.5,6.5,324
2025-08-19 00:55:00,Anand Vihar,Delhi,28.647622,77.315809,80.0,146.0,61.4,7.4,324
2025-08-19 01:10:00,Anand Vihar,Delhi,28.647622,77.315809,92.0,150.0,63.8,6.8,324
2025-08-19 01:40:00,Anand Vihar,Delhi,28.647622,77.315809,92.0,150.0,83.6,2.9,324
2025-08-19 01:55:00,Anand Vihar,Delhi,28.647622,77.315809,92.0,150.0,71.7,7.2,324
2025-08-19 02:10:00,Anand Vihar,Delhi,28.647622,77.315809,68.0,113.0,-1.0,-1.0,281
2025-08-19 02:40:00,Anand Vihar,Delhi,28.647622,77.315809,68.0,113.0,64.8,11.3,281
2025-08-19 02:55:00,Anand Vihar,Delhi,28.647622,77.315809,68.0,113.0,68.4,9.8,281
2025-08-19 03:10:00,Anand Vihar,Delhi,28.647622,77.315809,1.0,117.2,48.6,11.1,281
2025-08-19 03:40:00,Anand Vihar,Delhi,28.647622,77.315809,1.0,117.2,56.5,12.6,281
2025-08-19 03:55:00,Anand Vihar,Delhi,28.647622,77.315809,1.0,117.4,58.6,12.1,281
2025-08-17 22:55:00,Ashok Vihar,Delhi,28.695381,77.181665,29.0,69.0,31.6,8.4,123
2025-08-17 23:10:00,Ashok Vihar,Delhi,28.695381,77.181665,29.0,69.0,30.9,9.9,123
2025-08-17 23:55:00,Ashok Vihar,Delhi,28.695381,77.181665,34.0,78.0,30.4,10.4,155
2025-08-18 00:00:00,Ashok Vihar,Delhi,28.695381,77.181665,34.0,78.0,30.3,10.4,155
2025-08-18 00:30:00,Ashok Vihar,Delhi,28.695381,77.181665,34.0,78.0,30.1,10.0,155
2025-08-18 00:55:00,Ashok Vihar,Delhi,28.695381,77.181665,40.0,74.0,37.0,12.3,140
2025-08-18 01:10:00,Ashok Vihar,Delhi,28.695381,77.181665,40.0,74.0,39.5,11.6,140
2025-08-18 01:30:00,Ashok Vihar,Delhi,28.695381,77.181665,40.0,74.0,46.6,11.8,140
2025-08-18 01:55:00,Ashok Vihar,Delhi,28.695381,77.181665,73.0,106.0,41.7,12.2,260
2025-08-18 02:00:00,Ashok Vihar,Delhi,28.695381,77.181665,73.0,106.0,34.8,12.6,260
2025-08-18 02:30:00,Ashok Vihar,Delhi,28.695381,77.181665,73.0,106.0,31.2,15.1,260
2025-08-18 02:45:00,Ashok Vihar,Delhi,28.695381,77.181665,73.0,106.0,32.3,16.8,260
2025-08-18 03:00:00,Ashok Vihar,Delhi,28.695381,77.181665,35.0,61.0,32.4,16.7,108
2025-08-18 03:30:00,Ashok Vihar,Delhi,28.695381,77.181665,35.0,61.0,25.6,14.4,108
2025-08-18 03:45:00,Ashok Vihar,Delhi,28.695381,77.181665,35.0,61.0,26.9,14.8,108
2025-08-18 04:00:00,Ashok Vihar,Delhi,28.695381,77.181665,33.0,52.0,29.0,13.9,82
2025-08-18 04:40:00,Ashok Vihar,Delhi,28.695381,77.181665,33.0,52.0,28.1,13.7,82
2025-08-18 04:55:00,Ashok Vihar,Delhi,28.695381,77.181665,73.0,102.0,28.7,14.8,245
2025-08-18 05:10:00,Ashok Vihar,Delhi,28.695381,77.181665,73.0,102.0,27.3,14.7,245
2025-08-18 07:25:00,Ashok Vihar,Delhi,28.695381,77.181665,31.0,57.0,36.8,14.5,95
2025-08-18 08:45:00,Ashok Vihar,Delhi,28.695381,77.181665,31.0,63.0,26.4,11.8,108
2025-08-18 09:45:00,Ashok Vihar,Delhi,28.695381,77.181665,42.0,79.0,21.1,10.3,170
2025-08-18 10:15:00,Ashok Vihar,Delhi,28.695381,77.181665,55.0,79.0,21.9,9.3,170
2025-08-18 10:45:00,Ashok Vihar,Delhi,28.695381,77.181665,55.0,79.0,23.5,9.6,170
2025-08-18 11:10:00,Ashok Vihar,Delhi,28.695381,77.181665,51.0,52.0,25.1,9.3,82
2025-08-18 11:55:00,Ashok Vihar,Delhi,28.695381,77.181665,38.0,46.0,28.2,9.1,82
2025-08-18 12:25:00,Ashok Vihar,Delhi,28.695381,77.181665,38.0,46.0,28.8,9.9,82
2025-08-18 12:45:00,Ashok Vihar,Delhi,28.695381,77.181665,38.0,46.0,30.7,8.7,82
2025-08-18 13:00:00,Ashok Vihar,Delhi,28.695381,77.181665,22.0,55.0,32.5,8.6,95
2025-08-18 13:55:00,Ashok Vihar,Delhi,28.695381,77.181665,24.0,52.0,32.6,7.8,82
2025-08-18 14:00:00,Ashok Vihar,Delhi,28.695381,77.181665,24.0,52.0,32.9,8.6,82
2025-08-18 14:55:00,Ashok Vihar,Delhi,28.695381,77.181665,27.0,52.0,32.5,12.2,82
2025-08-18 15:10:00,Ashok Vihar,Delhi,28.695381,77.181665,27.0,52.0,33.3,12.4,82
2025-08-18 15:30:00,Ashok Vihar,Delhi,28.695381,77.181665,27.0,52.0,32.4,12.4,82
2025-08-18 16:00:00,Ashok Vihar,Delhi,28.695381,77.181665,20.0,62.0,34.8,11.2,108
2025-08-18 16:30:00,Ashok Vihar,Delhi,28.695381,77.181665,20.0,62.0,48.8,14.4,108
2025-08-18 16:55:00,Ashok Vihar,Delhi,28.695381,77.181665,23.0,63.0,44.2,15.2,108
2025-08-18 17:00:00,Ashok Vihar,Delhi,28.695381,77.181665,23.0,63.0,42.0,16.0,108
2025-08-18 18:00:00,Ashok Vihar,Delhi,28.695381,77.181665,25.0,72.0,42.7,17.0,140
2025-08-18 18:55:00,Ashok Vihar,Delhi,28.695381,77.181665,22.0,90.0,35.1,17.6,200
2025-08-18 19:00:00,Ashok Vihar,Delhi,28.695381,77.181665,22.0,90.0,34.2,17.5,200
2025-08-18 19:30:00,Ashok Vihar,Delhi,28.695381,77.181665,22.0,90.0,31.1,17.7,200
2025-08-18 20:00:00,Ashok Vihar,Delhi,28.695381,77.181665,31.0,119.0,30.1,17.5,307
2025-08-18 20:40:00,Ashok Vihar,Delhi,28.695381,77.181665,31.0,119.0,28.7,19.0,307
2025-08-18 21:10:00,Ashok Vihar,Delhi,28.695381,77.181665,25.0,143.0,27.7,17.5,324
2025-08-18 21:55:00,Ashok Vihar,Delhi,28.695381,77.181665,46.0,161.0,27.1,20.9,324
2025-08-18 22:10:00,Ashok Vihar,Delhi,28.695381,77.181665,46.0,161.0,26.2,21.3,324
2025-08-18 22:40:00,Ashok Vihar,Delhi,28.695381,77.181665,46.0,161.0,26.0,19.4,324
2025-08-18 23:00:00,Ashok Vihar,Delhi,28.695381,77.181665,52.0,150.0,25.2,18.8,324
2025-08-18 23:55:00,Ashok Vihar,Delhi,28.695381,77.181665,63.0,182.0,27.8,15.7,340
2025-08-19 00:00:00,Ashok Vihar,Delhi,28.695381,77.181665,63.0,182.0,27.3,15.2,340
2025-08-19 00:40:00,Ashok Vihar,Delhi,28.695381,77.181665,63.0,182.0,22.7,13.4,340
2025-08-19 00:55:00,Ashok Vihar,Delhi,28.695381,77.181665,124.0,251.0,21.7,12.5,403
2025-08-19 01:00:00,Ashok Vihar,Delhi,28.695381,77.181665,124.0,251.0,21.8,11.9,403
2025-08-19 01:30:00,Ashok Vihar,Delhi,28.695381,77.181665,124.0,251.0,30.5,11.2,403
2025-08-19 01:55:00,Ashok Vihar,Delhi,28.695381,77.181665,110.0,200.0,30.7,11.1,356
2025-08-19 02:05:00,Ashok Vihar,Delhi,28.695381,77.181665,110.0,200.0,-1.0,-1.0,356
2025-08-19 02:40:00,Ashok Vihar,Delhi,28.695381,77.181665,110.0,200.0,42.2,4.0,356
2025-08-19 02:55:00,Ashok Vihar,Delhi,28.695381,77.181665,92.0,177.0,33.9,9.8,340
2025-08-19 03:00:00,Ashok Vihar,Delhi,28.695381,77.181665,92.0,177.0,33.5,10.3,340
2025-08-19 03:30:00,Ashok Vihar,Delhi,28.695381,77.181665,92.0,177.0,31.1,9.9,340
2025-08-19 03:55:00,Ashok Vihar,Delhi,28.695381,77.181665,111.0,171.0,30.9,10.5,340
2025-08-17 22:55:00,Bawana,Delhi,28.7762,77.051074,31.0,82.0,55.1,0.5,170
2025-08-17 23:05:00,Bawana,Delhi,28.7762,77.051074,41.0,68.0,51.3,0.4,123
2025-08-17 23:55:00,Bawana,Delhi,28.7762,77.051074,41.0,68.0,37.4,0.6,123
2025-08-18 00:05:00,Bawana,Delhi,28.7762,77.051074,31.0,62.0,36.0,0.6,108
2025-08-18 00:35:00,Bawana,Delhi,28.7762,77.051074,31.0,62.0,31.3,0.6,108
2025-08-18 00:55:00,Bawana,Delhi,28.7762,77.051074,31.0,62.0,30.5,-1.0,108
2025-08-18 01:05:00,Bawana,Delhi,28.7762,77.051074,31.0,76.0,29.3,0.7,155
2025-08-18 01:40:00,Bawana,Delhi,28.7762,77.051074,31.0,76.0,26.2,1.1,155
2025-08-18 01:55:00,Bawana,Delhi,28.7762,77.051074,31.0,76.0,30.7,1.1,155
2025-08-18 02:05:00,Bawana,Delhi,28.7762,77.051074,36.0,63.0,-1.0,-1.0,108
2025-08-18 02:35:00,Bawana,Delhi,28.7762,77.051074,36.0,63.0,-1.0,-1.0,108
2025-08-18 02:55:00,Bawana,Delhi,28.7762,77.051074,36.0,63.0,42.7,1.6,108
2025-08-18 03:05:00,Bawana,Delhi,28.7762,77.051074,35.0,63.0,35.7,1.2,108
2025-08-18 03:35:00,Bawana,Delhi,28.7762,77.051074,35.0,63.0,31.6,0.7,108
2025-08-18 03:55:00,Bawana,Delhi,28.7762,77.051074,35.0,63.0,28.4,0.8,108
2025-08-18 04:05:00,Bawana,Delhi,28.7762,77.051074,39.0,72.0,27.8,0.7,140
2025-08-18 04:35:00,Bawana,Delhi,28.7762,77.051074,39.0,72.0,28.4,0.7,140
2025-08-18 04:55:00,Bawana,Delhi,28.7762,77.051074,39.0,72.0,29.3,0.7,140
2025-08-18 05:05:00,Bawana,Delhi,28.7762,77.051074,39.0,63.0,29.9,0.6,108
2025-08-18 07:25:00,Bawana,Delhi,28.7762,77.051074,47.0,72.0,36.6,0.8,140
2025-08-18 08:55:00,Bawana,Delhi,28.7762,77.051074,53.0,73.0,27.1,1.3,140
2025-08-18 13:55:00,Bawana,Delhi,28.7762,77.051074,20.0,61.0,48.6,0.9,108
2025-08-18 14:05:00,Bawana,Delhi,28.7762,77.051074,25.0,60.0,45.1,0.9,95
2025-08-18 14:55:00,Bawana,Delhi,28.7762,77.051074,25.0,60.0,49.9,0.9,95
2025-08-18 15:05:00,Bawana,Delhi,28.7762,77.051074,34.0,44.0,54.0,1.0,67
2025-08-18 15:35:00,Bawana,Delhi,28.7762,77.051074,34.0,44.0,51.9,1.2,67
2025-08-18 16:10:00,Bawana,Delhi,28.7762,77.051074,28.0,45.0,43.9,1.2,82
2025-08-18 16:40:00,Bawana,Delhi,28.7762,77.051074,28.0,45.0,38.5,1.3,82
2025-08-18 16:55:00,Bawana,Delhi,28.7762,77.051074,28.0,45.0,37.2,1.4,82
2025-08-18 17:10:00,Bawana,Delhi,28.7762,77.051074,27.0,72.0,34.4,1.3,140
2025-08-18 18:05:00,Bawana,Delhi,28.7762,77.051074,19.0,37.0,32.5,1.1,67
2025-08-18 18:55:00,Bawana,Delhi,28.7762,77.051074,19.0,37.0,34.4,1.1,67
2025-08-18 19:05:00,Bawana,Delhi,28.7762,77.051074,25.0,51.0,35.4,1.1,82
2025-08-18 19:35:00,Bawana,Delhi,28.7762,77.051074,25.0,51.0,33.6,0.9,82
2025-08-18 20:10:00,Bawana,Delhi,28.7762,77.051074,25.0,85.0,34.4,1.2,184
2025-08-18 20:40:00,Bawana,Delhi,28.7762,77.051074,25.0,85.0,36.0,1.2,184
2025-08-18 21:05:00,Bawana,Delhi,28.7762,77.051074,36.0,111.0,39.8,1.0,281
2025-08-18 21:55:00,Bawana,Delhi,28.7762,77.051074,36.0,111.0,44.8,0.8,281
2025-08-18 22:05:00,Bawana,Delhi,28.7762,77.051074,39.0,100.0,43.0,0.8,229
2025-08-18 22:35:00,Bawana,Delhi,28.7762,77.051074,39.0,100.0,41.2,0.9,229
2025-08-18 23:05:00,Bawana,Delhi,28.7762,77.051074,36.0,77.0,40.1,0.8,155
2025-08-18 23:55:00,Bawana,Delhi,28.7762,77.051074,36.0,77.0,49.3,0.9,155
2025-08-19 00:05:00,Bawana,Delhi,28.7762,77.051074,39.0,78.0,47.3,0.8,155
2025-08-19 00:35:00,Bawana,Delhi,28.7762,77.051074,39.0,78.0,41.0,0.9,155
2025-08-19 00:50:00,Bawana,Delhi,28.7762,77.051074,39.0,78.0,39.6,-1.0,155
2025-08-19 01:05:00,Bawana,Delhi,28.7762,77.051074,36.0,73.0,35.9,0.9,140
2025-08-19 01:35:00,Bawana,Delhi,28.7762,77.051074,36.0,73.0,25.0,1.3,140
2025-08-19 01:55:00,Bawana,Delhi,28.7762,77.051074,36.0,73.0,26.9,1.6,140
2025-08-19 02:05:00,Bawana,Delhi,28.7762,77.051074,38.0,72.0,-1.0,-1.0,140
2025-08-19 02:35:00,Bawana,Delhi,28.7762,77.051074,38.0,72.0,-1.0,-1.0,140
2025-08-19 02:55:00,Bawana,Delhi,28.7762,77.051074,38.0,72.0,48.4,2.3,140
2025-08-19 03:05:00,Bawana,Delhi,28.7762,77.051074,35.0,68.0,39.3,1.8,123
2025-08-19 03:35:00,Bawana,Delhi,28.7762,77.051074,35.0,68.0,35.4,1.4,123
2025-08-19 03:55:00,Bawana,Delhi,28.7762,77.051074,35.0,68.0,32.3,1.2,123
2025-08-17 22:45:00,Dr. Karni Singh Shooting Range,Delhi,28.498571,77.26484,39.0,88.0,17.5,7.9,200
2025-08-17 23:00:00,Dr. Karni Singh Shooting Range,Delhi,28.498571,77.26484,46.0,116.0,20.6,7.9,281
2025-08-17 23:45:00,Dr. Karni Singh Shooting Range,Delhi,28.498571,77.26484,46.0,116.0,21.0,-1.0,281
2025-08-18 00:00:00,Dr. Karni Singh Shooting Range,Delhi,28.498571,77.26484,47.0,119.0,19.9,7.6,307
2025-08-18 00:30:00,Dr. Karni Singh Shooting Range,Delhi,28.498571,77.26484,47.0,119.0,21.0,6.3,307
2025-08-18 00:45:00,Dr. Karni Singh Shooting Range,Delhi,28.498571,77.26484,47.0,119.0,21.8,6.1,307
2025-08-18 01:00:00,Dr. Karni Singh Shooting Range,Delhi,28.498571,77.26484,46.0,113.0,21.9,-1.0,281
2025-08-18 01:30:00,Dr. Karni Singh Shooting Range,Delhi,28.498571,77.26484,46.0,113.0,26.8,5.5,281
2025-08-18 01:45:00,Dr. Karni Singh Shooting Range,Delhi,28.498571,77.26484,46.0,113.0,30.9,5.1,281
2025-08-18 02:00:00,Dr. Karni Singh Shooting Range,Delhi,28.498571,77.26484,33.0,89.0,-1.0,-1.0,200
2025-08-18 02:30:00,Dr. Karni Singh Shooting Range,Delhi,28.498571,77.26484,33.0,89.0,-1.0,-1.0,200
2025-08-18 02:45:00,Dr. Karni Singh Shooting Range,Delhi,28.498571,77.26484,33.0,89.0,-1.0,-1.0,200
2025-08-18 03:00:00,Dr. Karni Singh Shooting Range,Delhi,28.498571,77.26484,25.0,77.0,17.4,5.3,155
2025-08-18 03:30:00,Dr. Karni Singh Shooting Range,Delhi,28.498571,77.26484,25.0,77.0,15.1,5.2,155
2025-08-18 03:45:00,Dr. Karni Singh Shooting Range,Delhi,28.498571,77.26484,25.0,77.0,14.0,4.9,155
2025-08-18 04:05:00,Dr. Karni Singh Shooting Range,Delhi,28.498571,77.26484,24.0,59.0,12.8,5.2,95
2025-08-18 04:30:00,Dr. Karni Singh Shooting Range,Delhi,28.498571,77.26484,24.0,59.0,12.2,4.9,95
2025-08-18 04:45:00,Dr. Karni Singh Shooting Range,Delhi,28.498571,77.26484,24.0,59.0,12.9,5.7,95
2025-08-18 05:00:00,Dr. Karni Singh Shooting Range,Delhi,28.498571,77.26484,24.0,62.0,14.7,5.6,108
2025-08-18 07:15:00,Dr. Karni Singh Shooting Range,Delhi,28.498571,77.26484,33.0,119.0,25.1,6.0,307
2025-08-18 09:00:00,Dr. Karni Singh Shooting Range,Delhi,28.498571,77.26484,45.0,80.0,26.2,4.8,170
2025-08-18 09:45:00,Dr. Karni Singh Shooting Range,Delhi,28.498571,77.26484,45.0,80.0,26.8,4.3,170
2025-08-18 10:15:00,Dr. Karni Singh Shooting Range,Delhi,28.498571,77.26484,48.0,81.0,21.9,3.8,170
2025-08-18 10:45:00,Dr. Karni Singh Shooting Range,Delhi,28.498571,77.26484,48.0,81.0,17.8,4.8,170
2025-08-18 11:00:00,Dr. Karni Singh Shooting Range,Delhi,28.498571,77.26484,52.0,90.0,16.2,5.2,200
2025-08-18 11:45:00,Dr. Karni Singh Shooting Range,Delhi,28.498571,77.26484,52.0,90.0,16.1,5.2,200
2025-08-18 12:15:00,Dr. Karni Singh Shooting Range,Delhi,28.498571,77.26484,36.0,77.0,15.6,5.0,155
2025-08-18 12:50:00,Dr. Karni Singh Shooting Range,Delhi,28.498571,77.26484,36.0,77.0,16.6,5.2,155
2025-08-18 13:00:00,Dr. Karni Singh Shooting Range,Delhi,28.498571,77.26484,34.0,70.0,16.6,5.1,140
2025-08-18 13:45:00,Dr. Karni Singh Shooting Range,Delhi,28.498571,77.26484,34.0,70.0,18.6,5.4,140
2025-08-18 14:00:00,Dr. Karni Singh Shooting Range,Delhi,28.498571,77.26484,28.0,61.0,19.9,5.2,108
2025-08-18 14:45:00,Dr. Karni Singh Shooting Range,Delhi,28.498571,77.26484,28.0,61.0,24.9,5.5,108
2025-08-18 15:00:00,Dr. Karni Singh Shooting Range,Delhi,28.498571,77.26484,27.0,61.0,24.6,4.8,108
2025-08-18 15:30:00,Dr. Karni Singh Shooting Range,Delhi,28.498571,77.26484,27.0,61.0,25.8,5.2,108
2025-08-18 16:00:00,Dr. Karni Singh Shooting Range,Delhi,28.498571,77.26484,6.0,46.0,27.2,4.5,82
2025-08-18 16:30:00,Dr. Karni Singh Shooting Range,Delhi,28.498571,77.26484,6.0,46.0,-1.0,-1.0,82
2025-08-18 16:45:00,Dr. Karni Singh Shooting Range,Delhi,28.498571,77.26484,6.0,46.0,-1.0,-1.0,82
2025-08-18 17:00:00,Dr. Karni Singh Shooting Range,Delhi,28.498571,77.26484,16.0,38.0,-1.0,-1.0,67
2025-08-18 18:00:00,Dr. Karni Singh Shooting Range,Delhi,28.498571,77.26484,14.0,47.0,31.5,4.0,82
2025-08-18 18:45:00,Dr. Karni Singh Shooting Range,Delhi,28.498571,77.26484,14.0,47.0,30.8,4.1,82
2025-08-18 19:00:00,Dr. Karni Singh Shooting Range,Delhi,28.498571,77.26484,28.0,74.0,27.0,4.1,140
2025-08-18 19:50:00,Dr. Karni Singh Shooting Range,Delhi,28.498571,77.26484,28.0,74.0,21.7,4.8,140
2025-08-18 20:00:00,Dr. Karni Singh Shooting Range,Delhi,28.498571,77.26484,25.0,97.0,19.9,4.8,229
2025-08-18 20:30:00,Dr. Karni Singh Shooting Range,Delhi,28.498571,77.26484,25.0,97.0,19.3,4.2,229
2025-08-18 21:00:00,Dr. Karni Singh Shooting Range,Delhi,28.498571,77.26484,40.0,101.0,20.5,4.8,229
2025-08-18 21:45:00,Dr. Karni Singh Shooting Range,Delhi,28.498571,77.26484,40.0,101.0,26.5,4.7,229
2025-08-18 22:00:00,Dr. Karni Singh Shooting Range,Delhi,28.498571,77.26484,34.0,92.0,29.2,5.8,200
2025-08-18 22:30:00,Dr. Karni Singh Shooting Range,Delhi,28.498571,77.26484,34.0,92.0,34.3,5.7,200
2025-08-18 23:00:00,Dr. Karni Singh Shooting Range,Delhi,28.498571,77.26484,25.0,69.0,35.0,5.6,123
2025-08-18 23:45:00,Dr. Karni Singh Shooting Range,Delhi,28.498571,77.26484,25.0,69.0,34.3,-1.0,123
2025-08-19 00:00:00,Dr. Karni Singh Shooting Range,Delhi,28.498571,77.26484,24.0,64.0,33.1,5.6,108
2025-08-19 00:30:00,Dr. Karni Singh Shooting Range,Delhi,28.498571,77.26484,24.0,64.0,31.4,7.4,108
2025-08-19 00:45:00,Dr. Karni Singh Shooting Range,Delhi,28.498571,77.26484,24.0,64.0,32.0,7.4,108
2025-08-19 01:00:00,Dr. Karni Singh Shooting Range,Delhi,28.498571,77.26484,33.0,62.0,31.4,7.5,108
2025-08-19 01:30:00,Dr. Karni Singh Shooting Range,Delhi,28.498571,77.26484,33.0,62.0,39.5,8.7,108
2025-08-19 01:45:00,Dr. Karni Singh Shooting Range,Delhi,28.498571,77.26484,33.0,62.0,39.8,8.4,108
2025-08-19 02:00:00,Dr. Karni Singh Shooting Range,Delhi,28.498571,77.26484,30.0,57.0,-1.0,-1.0,95
2025-08-19 02:30:00,Dr. Karni Singh Shooting Range,Delhi,28.498571,77.26484,30.0,57.0,-1.0,-1.0,95
2025-08-19 02:45:00,Dr. Karni Singh Shooting Range,Delhi,28.498571,77.26484,30.0,57.0,-1.0,-1.0,95
2025-08-19 03:00:00,Dr. Karni Singh Shooting Range,Delhi,28.498571,77.26484,27.0,64.0,21.7,7.6,108
2025-08-19 03:30:00,Dr. Karni Singh Shooting Range,Delhi,28.498571,77.26484,27.0,64.0,15.3,7.5,108
2025-08-19 03:50:00,Dr. Karni Singh Shooting Range,Delhi,28.498571,77.26484,27.0,64.0,16.1,7.9,108
2025-08-17 22:55:00,Dwarka Sector-8,Delhi,28.5710274,77.0719006,48.0,153.0,19.5,14.4,324
2025-08-17 23:05:00,Dwarka Sector-8,Delhi,28.5710274,77.0719006,46.0,116.0,19.5,14.2,281
2025-08-17 23:55:00,Dwarka Sector-8,Delhi,28.5710274,77.0719006,46.0,116.0,21.4,-1.0,281
2025-08-18 00:05:00,Dwarka Sector-8,Delhi,28.5710274,77.0719006,52.0,111.0,21.2,-1.0,281
2025-08-18 00:40:00,Dwarka Sector-8,Delhi,28.5710274,77.0719006,52.0,111.0,21.1,14.5,281
2025-08-18 00:55:00,Dwarka Sector-8,Delhi,28.5710274,77.0719006,52.0,111.0,21.8,13.9,281
2025-08-18 01:05:00,Dwarka Sector-8,Delhi,28.5710274,77.0719006,62.0,100.0,23.0,13.4,229
2025-08-18 01:40:00,Dwarka Sector-8,Delhi,28.5710274,77.0719006,62.0,100.0,28.6,14.3,229
2025-08-18 01:55:00,Dwarka Sector-8,Delhi,28.5710274,77.0719006,62.0,100.0,29.4,15.1,229
2025-08-18 02:10:00,Dwarka Sector-8,Delhi,28.5710274,77.0719006,41.0,89.0,-1.0,-1.0,200
2025-08-18 02:40:00,Dwarka Sector-8,Delhi,28.5710274,77.0719006,41.0,89.0,-1.0,-1.0,200
2025-08-18 02:55:00,Dwarka Sector-8,Delhi,28.5710274,77.0719006,41.0,89.0,41.2,15.3,200
2025-08-18 03:10:00,Dwarka Sector-8,Delhi,28.5710274,77.0719006,40.0,74.0,37.4,14.6,140
2025-08-18 03:40:00,Dwarka Sector-8,Delhi,28.5710274,77.0719006,40.0,74.0,31.6,15.1,140
2025-08-18 03:55:00,Dwarka Sector-8,Delhi,28.5710274,77.0719006,40.0,74.0,31.3,14.8,140
2025-08-18 04:10:00,Dwarka Sector-8,Delhi,28.5710274,77.0719006,29.0,59.0,33.8,12.8,95
2025-08-18 04:35:00,Dwarka Sector-8,Delhi,28.5710274,77.0719006,29.0,59.0,36.0,14.2,95
2025-08-18 04:55:00,Dwarka Sector-8,Delhi,28.5710274,77.0719006,29.0,59.0,37.6,13.1,95
2025-08-18 05:05:00,Dwarka Sector-8,Delhi,28.5710274,77.0719006,28.0,57.0,36.4,14.2,95
2025-08-18 07:25:00,Dwarka Sector-8,Delhi,28.5710274,77.0719006,24.0,40.0,32.5,15.8,67
2025-08-18 08:55:00,Dwarka Sector-8,Delhi,28.5710274,77.0719006,40.0,67.0,32.8,14.2,123
2025-08-18 09:55:00,Dwarka Sector-8,Delhi,28.5710274,77.0719006,47.0,77.0,32.7,18.7,155
2025-08-18 10:25:00,Dwarka Sector-8,Delhi,28.5710274,77.0719006,55.0,107.0,33.8,13.5,260
2025-08-18 10:55:00,Dwarka Sector-8,Delhi,28.5710274,77.0719006,55.0,107.0,31.3,13.8,260
2025-08-18 11:00:00,Dwarka Sector-8,Delhi,28.5710274,77.0719006,59.0,124.0,31.5,14.6,307
2025-08-18 11:55:00,Dwarka Sector-8,Delhi,28.5710274,77.0719006,59.0,124.0,29.8,14.6,307
2025-08-18 12:25:00,Dwarka Sector-8,Delhi,28.5710274,77.0719006,64.0,91.0,31.6,14.2,200
2025-08-18 12:55:00,Dwarka Sector-8,Delhi,28.5710274,77.0719006,64.0,91.0,29.5,14.5,200
2025-08-18 13:05:00,Dwarka Sector-8,Delhi,28.5710274,77.0719006,56.0,112.0,31.3,14.3,281
2025-08-18 13:55:00,Dwarka Sector-8,Delhi,28.5710274,77.0719006,56.0,112.0,29.5,14.7,281
2025-08-18 14:05:00,Dwarka Sector-8,Delhi,28.5710274,77.0719006,51.0,116.0,27.8,13.9,281
2025-08-18 14:55:00,Dwarka Sector-8,Delhi,28.5710274,77.0719006,51.0,116.0,21.7,14.8,281
2025-08-18 15:05:00,Dwarka Sector-8,Delhi,28.5710274,77.0719006,44.0,153.0,21.3,12.9,324
2025-08-18 15:40:00,Dwarka Sector-8,Delhi,28.5710274,77.0719006,44.0,153.0,20.9,14.6,324
2025-08-18 16:10:00,Dwarka Sector-8,Delhi,28.5710274,77.0719006,24.0,100.0,19.5,14.0,229
2025-08-18 16:40:00,Dwarka Sector-8,Delhi,28.5710274,77.0719006,24.0,100.0,19.0,14.2,229
2025-08-18 16:55:00,Dwarka Sector-8,Delhi,28.5710274,77.0719006,24.0,100.0,19.1,14.0,229
2025-08-18 17:10:00,Dwarka Sector-8,Delhi,28.5710274,77.0719006,19.0,118.0,18.9,13.0,281
2025-08-18 18:10:00,Dwarka Sector-8,Delhi,28.5710274,77.0719006,19.0,103.0,24.3,12.9,245
2025-08-18 18:55:00,Dwarka Sector-8,Delhi,28.5710274,77.0719006,19.0,103.0,-1.0,13.3,245
2025-08-18 19:05:00,Dwarka Sector-8,Delhi,28.5710274,77.0719006,28.0,134.0,25.2,12.5,307
2025-08-18 19:35:00,Dwarka Sector-8,Delhi,28.5710274,77.0719006,28.0,134.0,18.7,15.8,307
2025-08-18 20:10:00,Dwarka Sector-8,Delhi,28.5710274,77.0719006,40.0,196.0,22.2,14.1,356
2025-08-18 20:40:00,Dwarka Sector-8,Delhi,28.5710274,77.0719006,40.0,196.0,25.5,14.8,356
2025-08-18 21:05:00,Dwarka Sector-8,Delhi,28.5710274,77.0719006,34.0,191.0,-1.0,14.7,356
2025-08-18 21:55:00,Dwarka Sector-8,Delhi,28.5710274,77.0719006,34.0,191.0,29.9,15.4,356
2025-08-18 22:05:00,Dwarka Sector-8,Delhi,28.5710274,77.0719006,40.0,190.0,30.6,15.3,356
2025-08-18 22:35:00,Dwarka Sector-8,Delhi,28.5710274,77.0719006,40.0,190.0,31.3,15.9,356
2025-08-18 23:10:00,Dwarka Sector-8,Delhi,28.5710274,77.0719006,39.0,147.0,31.5,14.8,324
2025-08-18 23:55:00,Dwarka Sector-8,Delhi,28.5710274,77.0719006,39.0,147.0,30.3,-1.0,324
2025-08-19 00:10:00,Dwarka Sector-8,Delhi,28.5710274,77.0719006,35.0,117.0,29.9,14.1,281
2025-08-19 00:35:00,Dwarka Sector-8,Delhi,28.5710274,77.0719006,35.0,117.0,26.5,13.8,281
2025-08-19 00:55:00,Dwarka Sector-8,Delhi,28.5710274,77.0719006,35.0,117.0,32.9,13.8,281
2025-08-19 01:05:00,Dwarka Sector-8,Delhi,28.5710274,77.0719006,38.0,96.0,33.1,12.9,213
2025-08-19 01:40:00,Dwarka Sector-8,Delhi,28.5710274,77.0719006,38.0,96.0,37.8,14.2,213
2025-08-19 01:55:00,Dwarka Sector-8,Delhi,28.5710274,77.0719006,38.0,96.0,39.4,13.0,213
2025-08-19 02:05:00,Dwarka Sector-8,Delhi,28.5710274,77.0719006,22.0,78.0,-1.0,-1.0,155
2025-08-19 02:35:00,Dwarka Sector-8,Delhi,28.5710274,77.0719006,22.0,78.0,-1.0,-1.0,155
2025-08-19 02:55:00,Dwarka Sector-8,Delhi,28.5710274,77.0719006,22.0,78.0,32.3,15.6,155
2025-08-19 03:05:00,Dwarka Sector-8,Delhi,28.5710274,77.0719006,35.0,78.0,34.4,12.6,155
2025-08-19 03:40:00,Dwarka Sector-8,Delhi,28.5710274,77.0719006,35.0,78.0,25.2,13.9,155
2025-08-19 03:55:00,Dwarka Sector-8,Delhi,28.5710274,77.0719006,35.0,78.0,30.6,14.4,155
2025-08-18 08:50:00,Jahangirpuri,Delhi,28.73282,77.170633,69.0,138.0,24.0,4.1,307
2025-08-18 09:50:00,Jahangirpuri,Delhi,28.73282,77.170633,62.0,136.0,24.3,4.5,307
2025-08-18 10:15:00,Jahangirpuri,Delhi,28.73282,77.170633,54.0,7.0,24.3,4.7,22
2025-08-18 10:50:00,Jahangirpuri,Delhi,28.73282,77.170633,54.0,7.0,24.3,4.2,22
2025-08-18 11:05:00,Jahangirpuri,Delhi,28.73282,77.170633,49.0,89.0,24.3,4.1,200
2025-08-18 11:45:00,Jahangirpuri,Delhi,28.73282,77.170633,-1.0,89.0,24.2,4.0,200
2025-08-18 12:20:00,Jahangirpuri,Delhi,28.73282,77.170633,85.0,35.0,23.8,4.5,67
2025-08-18 12:50:00,Jahangirpuri,Delhi,28.73282,77.170633,85.0,35.0,23.7,4.9,67
2025-08-18 13:00:00,Jahangirpuri,Delhi,28.73282,77.170633,43.0,73.0,23.9,5.3,140
2025-08-18 13:50:00,Jahangirpuri,Delhi,28.73282,77.170633,43.0,73.0,24.0,-1.0,140
2025-08-18 14:00:00,Jahangirpuri,Delhi,28.73282,77.170633,48.0,92.0,24.3,2.9,200
2025-08-18 14:50:00,Jahangirpuri,Delhi,28.73282,77.170633,48.0,92.0,24.4,5.4,200
2025-08-18 15:05:00,Jahangirpuri,Delhi,28.73282,77.170633,56.0,41.0,24.4,5.3,67
2025-08-18 15:30:00,Jahangirpuri,Delhi,28.73282,77.170633,56.0,41.0,24.0,5.3,67
2025-08-18 16:00:00,Jahangirpuri,Delhi,28.73282,77.170633,43.0,47.0,24.0,5.4,82
2025-08-18 16:30:00,Jahangirpuri,Delhi,28.73282,77.170633,43.0,47.0,24.1,5.9,82
2025-08-18 16:50:00,Jahangirpuri,Delhi,28.73282,77.170633,43.0,47.0,24.2,6.5,82
2025-08-18 17:00:00,Jahangirpuri,Delhi,28.73282,77.170633,42.0,61.0,23.9,6.2,108
2025-08-18 18:00:00,Jahangirpuri,Delhi,28.73282,77.170633,52.0,59.0,24.1,7.2,95
2025-08-18 18:50:00,Jahangirpuri,Delhi,28.73282,77.170633,52.0,59.0,23.7,7.0,95
2025-08-18 19:05:00,Jahangirpuri,Delhi,28.73282,77.170633,57.0,91.0,23.7,7.8,200
2025-08-18 19:30:00,Jahangirpuri,Delhi,28.73282,77.170633,57.0,91.0,23.1,7.6,200
2025-08-18 20:00:00,Jahangirpuri,Delhi,28.73282,77.170633,73.0,135.0,23.0,8.1,307
2025-08-18 20:30:00,Jahangirpuri,Delhi,28.73282,77.170633,73.0,135.0,22.8,5.3,307
2025-08-18 21:05:00,Jahangirpuri,Delhi,28.73282,77.170633,79.0,174.0,23.3,6.4,340
2025-08-18 21:50:00,Jahangirpuri,Delhi,28.73282,77.170633,79.0,174.0,23.8,6.5,340
2025-08-18 22:05:00,Jahangirpuri,Delhi,28.73282,77.170633,71.0,136.0,23.8,6.4,307
2025-08-18 22:35:00,Jahangirpuri,Delhi,28.73282,77.170633,71.0,136.0,23.6,6.2,307
2025-08-18 23:00:00,Jahangirpuri,Delhi,28.73282,77.170633,59.0,134.0,23.4,5.4,307
2025-08-18 23:50:00,Jahangirpuri,Delhi,28.73282,77.170633,59.0,134.0,23.4,6.4,307
2025-08-19 00:00:00,Jahangirpuri,Delhi,28.73282,77.170633,73.0,138.0,23.7,6.1,307
2025-08-19 00:35:00,Jahangirpuri,Delhi,28.73282,77.170633,73.0,138.0,23.7,6.0,307
2025-08-19 00:50:00,Jahangirpuri,Delhi,28.73282,77.170633,73.0,138.0,23.4,6.1,307
2025-08-19 01:05:00,Jahangirpuri,Delhi,28.73282,77.170633,68.0,125.0,23.3,6.3,307
2025-08-19 01:30:00,Jahangirpuri,Delhi,28.73282,77.170633,68.0,125.0,23.5,6.7,307
2025-08-19 01:50:00,Jahangirpuri,Delhi,28.73282,77.170633,68.0,125.0,23.4,-1.0,307
2025-08-19 02:05:00,Jahangirpuri,Delhi,28.73282,77.170633,67.0,130.0,23.2,5.8,307
2025-08-19 02:35:00,Jahangirpuri,Delhi,28.73282,77.170633,67.0,130.0,23.3,4.7,307
2025-08-19 02:50:00,Jahangirpuri,Delhi,28.73282,77.170633,67.0,130.0,23.4,4.5,307
2025-08-19 03:05:00,Jahangirpuri,Delhi,28.73282,77.170633,87.0,191.0,23.9,4.8,356
2025-08-19 03:30:00,Jahangirpuri,Delhi,28.73282,77.170633,87.0,191.0,24.5,4.8,356
2025-08-19 03:50:00,Jahangirpuri,Delhi,28.73282,77.170633,87.0,191.0,24.2,6.1,356
2025-08-17 22:55:00,Major Dhyan Chand National Stadium,Delhi,28.611281,77.237738,39.0,61.0,61.9,8.4,108
2025-08-17 23:05:00,Major Dhyan Chand National Stadium,Delhi,28.611281,77.237738,44.0,92.0,61.3,8.9,200
2025-08-17 23:55:00,Major Dhyan Chand National Stadium,Delhi,28.611281,77.237738,44.0,92.0,63.1,4.2,200
2025-08-18 00:05:00,Major Dhyan Chand National Stadium,Delhi,28.611281,77.237738,52.0,80.0,63.1,6.4,170
2025-08-18 00:35:00,Major Dhyan Chand National Stadium,Delhi,28.611281,77.237738,52.0,80.0,61.2,9.3,170
2025-08-18 00:55:00,Major Dhyan Chand National Stadium,Delhi,28.611281,77.237738,52.0,80.0,62.2,3.1,170
2025-08-18 01:05:00,Major Dhyan Chand National Stadium,Delhi,28.611281,77.237738,42.0,73.0,61.1,-1.0,140
2025-08-18 01:35:00,Major Dhyan Chand National Stadium,Delhi,28.611281,77.237738,42.0,73.0,60.9,5.9,140
2025-08-18 01:55:00,Major Dhyan Chand National Stadium,Delhi,28.611281,77.237738,42.0,73.0,64.5,-1.0,140
2025-08-18 02:05:00,Major Dhyan Chand National Stadium,Delhi,28.611281,77.237738,40.0,50.0,-1.0,-1.0,82
2025-08-18 02:35:00,Major Dhyan Chand National Stadium,Delhi,28.611281,77.237738,40.0,50.0,84.8,-1.0,82
2025-08-18 02:55:00,Major Dhyan Chand National Stadium,Delhi,28.611281,77.237738,40.0,50.0,66.3,1.0,82
2025-08-18 03:05:00,Major Dhyan Chand National Stadium,Delhi,28.611281,77.237738,17.0,25.0,59.7,1.2,47
2025-08-18 03:35:00,Major Dhyan Chand National Stadium,Delhi,28.611281,77.237738,17.0,25.0,-1.0,2.2,47
2025-08-18 03:50:00,Major Dhyan Chand National Stadium,Delhi,28.611281,77.237738,17.0,25.0,57.8,2.3,47
2025-08-18 04:10:00,Major Dhyan Chand National Stadium,Delhi,28.611281,77.237738,28.0,36.0,57.8,2.2,67
2025-08-18 04:35:00,Major Dhyan Chand National Stadium,Delhi,28.611281,77.237738,28.0,36.0,57.0,2.2,67
2025-08-18 04:55:00,Major Dhyan Chand National Stadium,Delhi,28.611281,77.237738,28.0,36.0,57.5,2.7,67
2025-08-18 05:05:00,Major Dhyan Chand National Stadium,Delhi,28.611281,77.237738,28.0,36.0,57.7,2.6,67
2025-08-18 07:25:00,Major Dhyan Chand National Stadium,Delhi,28.611281,77.237738,27.0,40.0,65.5,4.5,67
2025-08-18 09:05:00,Major Dhyan Chand National Stadium,Delhi,28.611281,77.237738,29.0,46.0,62.1,6.0,82
2025-08-18 09:50:00,Major Dhyan Chand National Stadium,Delhi,28.611281,77.237738,29.0,46.0,62.3,3.8,82
2025-08-18 10:20:00,Major Dhyan Chand National Stadium,Delhi,28.611281,77.237738,36.0,50.0,61.2,9.1,82
2025-08-18 10:50:00,Major Dhyan Chand National Stadium,Delhi,28.611281,77.237738,36.0,50.0,62.4,5.8,82
2025-08-18 11:05:00,Major Dhyan Chand National Stadium,Delhi,28.611281,77.237738,40.0,66.0,60.4,6.3,123
2025-08-18 11:55:00,Major Dhyan Chand National Stadium,Delhi,28.611281,77.237738,40.0,66.0,57.1,8.2,123
2025-08-18 12:25:00,Major Dhyan Chand National Stadium,Delhi,28.611281,77.237738,46.0,63.0,56.2,8.0,108
2025-08-18 12:55:00,Major Dhyan Chand National Stadium,Delhi,28.611281,77.237738,46.0,63.0,57.9,7.8,108
2025-08-18 13:05:00,Major Dhyan Chand National Stadium,Delhi,28.611281,77.237738,28.0,50.0,58.5,-1.0,82
2025-08-18 13:50:00,Major Dhyan Chand National Stadium,Delhi,28.611281,77.237738,28.0,50.0,58.7,7.4,82
2025-08-18 14:05:00,Major Dhyan Chand National Stadium,Delhi,28.611281,77.237738,30.0,45.0,59.0,7.9,82
2025-08-18 14:55:00,Major Dhyan Chand National Stadium,Delhi,28.611281,77.237738,30.0,45.0,62.7,7.7,82
2025-08-18 15:05:00,Major Dhyan Chand National Stadium,Delhi,28.611281,77.237738,9.0,44.0,63.2,7.8,67
2025-08-18 15:35:00,Major Dhyan Chand National Stadium,Delhi,28.611281,77.237738,9.0,44.0,66.0,7.1,67
2025-08-18 16:05:00,Major Dhyan Chand National Stadium,Delhi,28.611281,77.237738,25.0,47.0,63.3,5.6,82
2025-08-18 16:35:00,Major Dhyan Chand National Stadium,Delhi,28.611281,77.237738,25.0,47.0,62.8,10.4,82
2025-08-18 16:55:00,Major Dhyan Chand National Stadium,Delhi,28.611281,77.237738,25.0,47.0,62.2,7.2,82
2025-08-18 17:10:00,Major Dhyan Chand National Stadium,Delhi,28.611281,77.237738,18.0,27.0,59.9,10.0,47
2025-08-18 18:05:00,Major Dhyan Chand National Stadium,Delhi,28.611281,77.237738,23.0,30.0,-1.0,10.3,47
2025-08-18 18:55:00,Major Dhyan Chand National Stadium,Delhi,28.611281,77.237738,23.0,30.0,59.0,9.1,47
2025-08-18 19:05:00,Major Dhyan Chand National Stadium,Delhi,28.611281,77.237738,22.0,45.0,59.2,-1.0,82
2025-08-18 19:55:00,Major Dhyan Chand National Stadium,Delhi,28.611281,77.237738,22.0,45.0,-1.0,6.7,82
2025-08-18 20:10:00,Major Dhyan Chand National Stadium,Delhi,28.611281,77.237738,29.0,69.0,58.4,7.6,123
2025-08-18 20:40:00,Major Dhyan Chand National Stadium,Delhi,28.611281,77.237738,29.0,69.0,58.2,6.8,123
2025-08-18 21:05:00,Major Dhyan Chand National Stadium,Delhi,28.611281,77.237738,29.0,74.0,60.2,6.8,140
2025-08-18 21:55:00,Major Dhyan Chand National Stadium,Delhi,28.611281,77.237738,29.0,74.0,66.5,6.2,140
2025-08-18 22:05:00,Major Dhyan Chand National Stadium,Delhi,28.611281,77.237738,31.0,67.0,66.1,6.4,123
2025-08-18 22:35:00,Major Dhyan Chand National Stadium,Delhi,28.611281,77.237738,31.0,67.0,63.1,6.9,123
2025-08-18 23:05:00,Major Dhyan Chand National Stadium,Delhi,28.611281,77.237738,30.0,55.0,65.2,6.2,95
2025-08-18 23:55:00,Major Dhyan Chand National Stadium,Delhi,28.611281,77.237738,30.0,55.0,65.9,1.6,95
2025-08-19 00:05:00,Major Dhyan Chand National Stadium,Delhi,28.611281,77.237738,28.0,52.0,65.0,3.8,82
2025-08-19 00:35:00,Major Dhyan Chand National Stadium,Delhi,28.611281,77.237738,28.0,52.0,65.0,7.0,82
2025-08-19 00:50:00,Major Dhyan Chand National Stadium,Delhi,28.611281,77.237738,28.0,52.0,72.4,0.6,82
2025-08-19 01:05:00,Major Dhyan Chand National Stadium,Delhi,28.611281,77.237738,34.0,58.0,61.0,-1.0,95
2025-08-19 01:35:00,Major Dhyan Chand National Stadium,Delhi,28.611281,77.237738,34.0,58.0,63.9,5.1,95
2025-08-19 01:55:00,Major Dhyan Chand National Stadium,Delhi,28.611281,77.237738,34.0,58.0,66.8,1.2,95
2025-08-19 02:05:00,Major Dhyan Chand National Stadium,Delhi,28.611281,77.237738,24.0,45.0,-1.0,-1.0,82
2025-08-19 02:35:00,Major Dhyan Chand National Stadium,Delhi,28.611281,77.237738,24.0,45.0,89.5,2.4,82
2025-08-19 02:55:00,Major Dhyan Chand National Stadium,Delhi,28.611281,77.237738,24.0,45.0,72.2,-1.0,82
2025-08-19 03:05:00,Major Dhyan Chand National Stadium,Delhi,28.611281,77.237738,30.0,40.0,69.4,1.3,67
2025-08-19 03:35:00,Major Dhyan Chand National Stadium,Delhi,28.611281,77.237738,30.0,40.0,65.1,3.1,67
2025-08-19 03:55:00,Major Dhyan Chand National Stadium,Delhi,28.611281,77.237738,30.0,40.0,62.8,3.2,67
2025-08-17 22:55:00,Mandir Marg,Delhi,28.636429,77.201067,35.0,75.0,17.9,4.1,155
2025-08-17 23:05:00,Mandir Marg,Delhi,28.636429,77.201067,45.0,73.0,22.8,4.6,140
2025-08-17 23:55:00,Mandir Marg,Delhi,28.636429,77.201067,45.0,73.0,23.9,-1.0,140
2025-08-18 00:05:00,Mandir Marg,Delhi,28.636429,77.201067,40.0,88.0,34.7,4.1,200
2025-08-18 00:40:00,Mandir Marg,Delhi,28.636429,77.201067,40.0,88.0,24.3,7.3,200
2025-08-18 00:55:00,Mandir Marg,Delhi,28.636429,77.201067,40.0,88.0,37.1,7.6,200
2025-08-18 01:05:00,Mandir Marg,Delhi,28.636429,77.201067,83.0,77.0,44.0,8.3,155
2025-08-18 01:40:00,Mandir Marg,Delhi,28.636429,77.201067,83.0,77.0,21.9,6.3,155
2025-08-18 01:55:00,Mandir Marg,Delhi,28.636429,77.201067,83.0,77.0,27.2,6.1,155
2025-08-18 02:10:00,Mandir Marg,Delhi,28.636429,77.201067,31.0,68.0,-1.0,-1.0,123
2025-08-18 02:40:00,Mandir Marg,Delhi,28.636429,77.201067,31.0,68.0,27.2,6.4,123
2025-08-18 02:55:00,Mandir Marg,Delhi,28.636429,77.201067,31.0,68.0,15.1,5.9,123
2025-08-18 03:10:00,Mandir Marg,Delhi,28.636429,77.201067,18.0,44.0,27.1,4.9,67
2025-08-18 03:40:00,Mandir Marg,Delhi,28.636429,77.201067,18.0,44.0,22.5,4.6,67
2025-08-18 03:55:00,Mandir Marg,Delhi,28.636429,77.201067,18.0,44.0,30.9,3.7,67
2025-08-18 04:10:00,Mandir Marg,Delhi,28.636429,77.201067,13.0,58.0,26.2,5.6,95
2025-08-18 04:40:00,Mandir Marg,Delhi,28.636429,77.201067,13.0,58.0,33.5,5.4,95
2025-08-18 04:55:00,Mandir Marg,Delhi,28.636429,77.201067,13.0,58.0,34.3,5.9,95
2025-08-18 05:05:00,Mandir Marg,Delhi,28.636429,77.201067,65.0,47.0,30.1,5.4,82
2025-08-18 07:25:00,Mandir Marg,Delhi,28.636429,77.201067,22.0,48.0,22.6,5.4,82
2025-08-18 08:55:00,Mandir Marg,Delhi,28.636429,77.201067,21.0,73.0,31.1,7.4,140
2025-08-18 09:55:00,Mandir Marg,Delhi,28.636429,77.201067,91.0,75.0,27.0,8.9,155
2025-08-18 10:25:00,Mandir Marg,Delhi,28.636429,77.201067,60.0,95.0,28.2,7.3,213
2025-08-18 10:55:00,Mandir Marg,Delhi,28.636429,77.201067,60.0,95.0,16.7,5.4,213
2025-08-18 11:10:00,Mandir Marg,Delhi,28.636429,77.201067,38.0,66.0,23.3,4.7,123
2025-08-18 11:55:00,Mandir Marg,Delhi,28.636429,77.201067,38.0,66.0,26.3,5.0,123
2025-08-18 12:25:00,Mandir Marg,Delhi,28.636429,77.201067,-1.0,85.0,26.8,5.8,184
2025-08-18 12:55:00,Mandir Marg,Delhi,28.636429,77.201067,37.0,85.0,32.5,6.3,184
2025-08-18 13:10:00,Mandir Marg,Delhi,28.636429,77.201067,-1.0,67.0,31.8,4.8,123
2025-08-18 13:55:00,Mandir Marg,Delhi,28.636429,77.201067,90.0,67.0,25.6,3.7,123
2025-08-18 14:05:00,Mandir Marg,Delhi,28.636429,77.201067,38.0,88.0,29.4,3.8,200
2025-08-18 14:55:00,Mandir Marg,Delhi,28.636429,77.201067,38.0,88.0,26.5,3.5,200
2025-08-18 15:05:00,Mandir Marg,Delhi,28.636429,77.201067,30.0,40.0,19.3,3.9,67
2025-08-18 15:40:00,Mandir Marg,Delhi,28.636429,77.201067,30.0,40.0,30.7,5.0,67
2025-08-18 16:10:00,Mandir Marg,Delhi,28.636429,77.201067,15.0,45.0,29.5,6.5,82
2025-08-18 16:40:00,Mandir Marg,Delhi,28.636429,77.201067,15.0,45.0,30.1,7.7,82
2025-08-18 16:55:00,Mandir Marg,Delhi,28.636429,77.201067,15.0,45.0,27.4,8.6,82
2025-08-18 17:10:00,Mandir Marg,Delhi,28.636429,77.201067,34.0,51.0,19.9,8.5,82
2025-08-18 18:10:00,Mandir Marg,Delhi,28.636429,77.201067,-1.0,70.0,22.8,7.0,140
2025-08-18 18:55:00,Mandir Marg,Delhi,28.636429,77.201067,18.0,70.0,32.1,7.0,140
2025-08-18 19:05:00,Mandir Marg,Delhi,28.636429,77.201067,19.0,17.0,28.5,7.9,22
2025-08-18 19:40:00,Mandir Marg,Delhi,28.636429,77.201067,19.0,17.0,32.5,7.8,22
2025-08-18 20:10:00,Mandir Marg,Delhi,28.636429,77.201067,9.0,75.0,30.8,7.0,155
2025-08-18 20:40:00,Mandir Marg,Delhi,28.636429,77.201067,9.0,75.0,25.9,7.8,155
2025-08-18 21:10:00,Mandir Marg,Delhi,28.636429,77.201067,-1.0,102.0,31.7,9.0,245
2025-08-18 21:55:00,Mandir Marg,Delhi,28.636429,77.201067,70.0,102.0,27.7,8.7,245
2025-08-18 22:10:00,Mandir Marg,Delhi,28.636429,77.201067,43.0,101.0,29.0,8.4,229
2025-08-18 22:40:00,Mandir Marg,Delhi,28.636429,77.201067,43.0,101.0,33.8,8.0,229
2025-08-18 23:10:00,Mandir Marg,Delhi,28.636429,77.201067,21.0,68.0,24.5,7.5,123
2025-08-18 23:55:00,Mandir Marg,Delhi,28.636429,77.201067,21.0,68.0,27.0,-1.0,123
2025-08-19 00:10:00,Mandir Marg,Delhi,28.636429,77.201067,-1.0,74.0,40.6,5.9,140
2025-08-19 00:35:00,Mandir Marg,Delhi,28.636429,77.201067,-1.0,74.0,29.9,6.4,140
2025-08-19 00:55:00,Mandir Marg,Delhi,28.636429,77.201067,14.0,74.0,20.9,8.2,140
2025-08-19 01:05:00,Mandir Marg,Delhi,28.636429,77.201067,60.0,51.0,29.7,8.8,82
2025-08-19 01:40:00,Mandir Marg,Delhi,28.636429,77.201067,60.0,51.0,21.0,6.6,82
2025-08-19 01:55:00,Mandir Marg,Delhi,28.636429,77.201067,60.0,51.0,26.9,6.7,82
2025-08-19 02:05:00,Mandir Marg,Delhi,28.636429,77.201067,28.0,69.0,-1.0,-1.0,123
2025-08-19 02:40:00,Mandir Marg,Delhi,28.636429,77.201067,28.0,69.0,32.6,7.0,123
2025-08-19 02:55:00,Mandir Marg,Delhi,28.636429,77.201067,28.0,69.0,32.1,6.5,123
2025-08-19 03:05:00,Mandir Marg,Delhi,28.636429,77.201067,20.0,50.0,30.3,7.8,82
2025-08-19 03:40:00,Mandir Marg,Delhi,28.636429,77.201067,20.0,50.0,35.8,6.6,82
2025-08-19 03:55:00,Mandir Marg,Delhi,28.636429,77.201067,20.0,50.0,36.0,6.4,82
2025-08-17 22:50:00,Mundka,Delhi,28.684678,77.076574,67.0,120.6,22.5,7.5,307
2025-08-17 23:05:00,Mundka,Delhi,28.684678,77.076574,33.0,59.4,22.6,7.5,95
2025-08-17 23:50:00,Mundka,Delhi,28.684678,77.076574,33.0,59.4,22.6,-1.0,95
2025-08-18 00:05:00,Mundka,Delhi,28.684678,77.076574,29.0,52.2,22.7,6.6,82
2025-08-18 00:35:00,Mundka,Delhi,28.684678,77.076574,29.0,52.2,22.5,6.1,82
2025-08-18 00:55:00,Mundka,Delhi,28.684678,77.076574,29.0,52.2,22.5,6.1,82
2025-08-18 01:05:00,Mundka,Delhi,28.684678,77.076574,25.0,45.0,22.5,5.6,82
2025-08-18 01:35:00,Mundka,Delhi,28.684678,77.076574,25.0,45.0,22.4,5.5,82
2025-08-18 01:50:00,Mundka,Delhi,28.684678,77.076574,25.0,45.0,22.4,5.4,82
2025-08-18 02:05:00,Mundka,Delhi,28.684678,77.076574,40.0,72.0,22.2,5.6,140
2025-08-18 02:35:00,Mundka,Delhi,28.684678,77.076574,40.0,72.0,22.3,6.2,140
2025-08-18 02:50:00,Mundka,Delhi,28.684678,77.076574,40.0,72.0,22.2,5.9,140
2025-08-18 03:05:00,Mundka,Delhi,28.684678,77.076574,40.0,72.0,22.2,5.9,140
2025-08-18 03:35:00,Mundka,Delhi,28.684678,77.076574,40.0,72.0,22.1,6.1,140
2025-08-18 03:55:00,Mundka,Delhi,28.684678,77.076574,40.0,72.0,22.1,5.9,140
2025-08-18 04:10:00,Mundka,Delhi,28.684678,77.076574,30.0,54.0,22.1,5.6,95
2025-08-18 04:35:00,Mundka,Delhi,28.684678,77.076574,30.0,54.0,22.2,5.7,95
2025-08-18 04:55:00,Mundka,Delhi,28.684678,77.076574,30.0,54.0,22.2,5.8,95
2025-08-18 05:05:00,Mundka,Delhi,28.684678,77.076574,25.0,45.0,22.3,6.1,82
2025-08-18 07:25:00,Mundka,Delhi,28.684678,77.076574,31.0,55.8,22.7,5.5,95
2025-08-18 09:05:00,Mundka,Delhi,28.684678,77.076574,31.0,55.8,22.8,5.5,95
2025-08-18 09:50:00,Mundka,Delhi,28.684678,77.076574,31.0,55.8,22.7,5.7,95
2025-08-18 10:25:00,Mundka,Delhi,28.684678,77.076574,52.0,93.6,22.6,5.6,213
2025-08-18 10:55:00,Mundka,Delhi,28.684678,77.076574,52.0,93.6,22.6,5.8,213
2025-08-18 11:05:00,Mundka,Delhi,28.684678,77.076574,34.0,61.2,22.6,5.9,108
2025-08-18 11:55:00,Mundka,Delhi,28.684678,77.076574,34.0,61.2,22.7,5.3,108
2025-08-18 12:25:00,Mundka,Delhi,28.684678,77.076574,30.0,66.0,22.8,5.6,123
2025-08-18 12:55:00,Mundka,Delhi,28.684678,77.076574,30.0,66.0,22.8,5.8,123
2025-08-18 13:05:00,Mundka,Delhi,28.684678,77.076574,30.0,66.0,22.8,6.0,123
2025-08-18 13:55:00,Mundka,Delhi,28.684678,77.076574,30.0,66.0,23.3,6.0,123
2025-08-18 14:10:00,Mundka,Delhi,28.684678,77.076574,23.0,50.6,23.3,6.0,82
2025-08-18 14:55:00,Mundka,Delhi,28.684678,77.076574,23.0,50.6,23.4,5.7,82
2025-08-18 15:05:00,Mundka,Delhi,28.684678,77.076574,28.0,61.6,23.5,5.7,108
2025-08-18 15:35:00,Mundka,Delhi,28.684678,77.076574,28.0,61.6,23.6,5.5,108
2025-08-18 16:05:00,Mundka,Delhi,28.684678,77.076574,27.0,59.4,23.7,5.9,95
2025-08-18 16:35:00,Mundka,Delhi,28.684678,77.076574,27.0,59.4,23.6,6.0,95
2025-08-18 16:55:00,Mundka,Delhi,28.684678,77.076574,27.0,59.4,23.6,5.6,95
2025-08-18 17:10:00,Mundka,Delhi,28.684678,77.076574,18.0,39.6,23.7,5.5,67
2025-08-18 18:05:00,Mundka,Delhi,28.684678,77.076574,16.0,35.2,23.5,6.1,67
2025-08-18 18:55:00,Mundka,Delhi,28.684678,77.076574,16.0,35.2,23.2,5.4,67
2025-08-18 19:05:00,Mundka,Delhi,28.684678,77.076574,20.0,44.0,23.2,5.4,67
2025-08-18 19:55:00,Mundka,Delhi,28.684678,77.076574,20.0,44.0,23.0,6.5,67
2025-08-18 20:05:00,Mundka,Delhi,28.684678,77.076574,30.0,66.0,23.0,6.4,123
2025-08-18 20:35:00,Mundka,Delhi,28.684678,77.076574,30.0,66.0,23.0,6.9,123
2025-08-18 21:05:00,Mundka,Delhi,28.684678,77.076574,51.0,112.2,22.8,7.5,281
2025-08-18 21:55:00,Mundka,Delhi,28.684678,77.076574,51.0,112.2,22.7,6.7,281
2025-08-18 22:05:00,Mundka,Delhi,28.684678,77.076574,34.0,74.8,22.7,6.5,155
2025-08-18 22:35:00,Mundka,Delhi,28.684678,77.076574,34.0,74.8,22.8,5.8,155
2025-08-18 23:05:00,Mundka,Delhi,28.684678,77.076574,40.0,88.0,22.8,6.4,200
2025-08-18 23:55:00,Mundka,Delhi,28.684678,77.076574,40.0,88.0,22.8,-1.0,200
2025-08-19 00:05:00,Mundka,Delhi,28.684678,77.076574,39.0,85.8,22.8,6.2,184
2025-08-19 00:35:00,Mundka,Delhi,28.684678,77.076574,39.0,85.8,22.7,6.0,184
2025-08-19 00:50:00,Mundka,Delhi,28.684678,77.076574,39.0,85.8,22.7,6.2,184
2025-08-19 01:05:00,Mundka,Delhi,28.684678,77.076574,34.0,74.8,22.7,6.3,155
2025-08-19 01:35:00,Mundka,Delhi,28.684678,77.076574,34.0,74.8,22.6,6.7,155
2025-08-19 01:50:00,Mundka,Delhi,28.684678,77.076574,34.0,74.8,22.6,6.9,155
2025-08-19 02:10:00,Mundka,Delhi,28.684678,77.076574,55.0,121.0,22.6,7.0,307
2025-08-19 02:35:00,Mundka,Delhi,28.684678,77.076574,55.0,121.0,22.5,6.5,307
2025-08-19 02:50:00,Mundka,Delhi,28.684678,77.076574,55.0,121.0,22.4,6.5,307
2025-08-19 03:05:00,Mundka,Delhi,28.684678,77.076574,70.0,154.0,22.4,6.4,324
2025-08-19 03:35:00,Mundka,Delhi,28.684678,77.076574,70.0,154.0,22.3,6.4,324
2025-08-19 03:55:00,Mundka,Delhi,28.684678,77.076574,70.0,154.0,22.3,6.0,324
2025-08-17 22:55:00,Najafgarh,Delhi,28.570173,76.933762,23.0,72.0,-1.0,-1.0,140
2025-08-18 00:05:00,Najafgarh,Delhi,28.570173,76.933762,44.0,96.0,-1.0,-1.0,213
2025-08-18 00:40:00,Najafgarh,Delhi,28.570173,76.933762,44.0,96.0,-1.0,-1.0,213
2025-08-18 00:55:00,Najafgarh,Delhi,28.570173,76.933762,44.0,96.0,-1.0,-1.0,213
2025-08-18 01:05:00,Najafgarh,Delhi,28.570173,76.933762,36.0,92.0,-1.0,-1.0,200
2025-08-18 01:40:00,Najafgarh,Delhi,28.570173,76.933762,36.0,92.0,-1.0,-1.0,200
2025-08-18 01:55:00,Najafgarh,Delhi,28.570173,76.933762,36.0,92.0,-1.0,-1.0,200
2025-08-18 01:55:00,Najafgarh,Delhi,28.570173,76.933762,36.0,92.0,-1.0,0.0,200
2025-08-18 03:55:00,Najafgarh,Delhi,28.570173,76.933762,-1.0,67.8,43.8,13.1,123
2025-08-18 04:10:00,Najafgarh,Delhi,28.570173,76.933762,11.0,63.0,50.5,-1.0,108
2025-08-18 04:40:00,Najafgarh,Delhi,28.570173,76.933762,11.0,63.0,-1.0,-1.0,108
2025-08-18 04:55:00,Najafgarh,Delhi,28.570173,76.933762,11.0,63.0,-1.0,-1.0,108
2025-08-18 05:05:00,Najafgarh,Delhi,28.570173,76.933762,22.0,59.0,-1.0,-1.0,95
2025-08-18 07:25:00,Najafgarh,Delhi,28.570173,76.933762,13.0,46.0,-1.0,10.6,82
2025-08-18 08:55:00,Najafgarh,Delhi,28.570173,76.933762,16.0,45.0,39.4,13.1,82
2025-08-18 09:55:00,Najafgarh,Delhi,28.570173,76.933762,27.0,65.0,-1.0,-1.0,123
2025-08-18 10:25:00,Najafgarh,Delhi,28.570173,76.933762,42.0,85.0,-1.0,-1.0,184
2025-08-18 10:55:00,Najafgarh,Delhi,28.570173,76.933762,42.0,85.0,-1.0,-1.0,184
2025-08-18 11:10:00,Najafgarh,Delhi,28.570173,76.933762,40.0,93.0,-1.0,-1.0,213
2025-08-18 11:20:00,Najafgarh,Delhi,28.570173,76.933762,40.0,93.0,-1.0,-1.0,213
2025-08-18 16:10:00,Najafgarh,Delhi,28.570173,76.933762,-1.0,68.6,-1.0,-1.0,123
2025-08-18 16:40:00,Najafgarh,Delhi,28.570173,76.933762,40.0,93.0,-1.0,0.0,213
2025-08-18 16:55:00,Najafgarh,Delhi,28.570173,76.933762,40.0,93.0,-1.0,-1.0,213
2025-08-18 17:10:00,Najafgarh,Delhi,28.570173,76.933762,-1.0,70.0,-1.0,12.3,140
2025-08-18 18:10:00,Najafgarh,Delhi,28.570173,76.933762,9.0,45.0,25.2,8.3,82
2025-08-18 18:55:00,Najafgarh,Delhi,28.570173,76.933762,9.0,45.0,28.8,6.5,82
2025-08-18 19:05:00,Najafgarh,Delhi,28.570173,76.933762,12.0,49.0,26.0,6.7,82
2025-08-18 19:15:00,Najafgarh,Delhi,28.570173,76.933762,12.0,49.0,25.7,6.4,82
2025-08-18 19:15:00,Najafgarh,Delhi,28.570173,76.933762,12.0,49.0,25.7,6.4,82
2025-08-17 22:50:00,Narela,Delhi,28.822836,77.101981,31.0,72.0,13.1,4.2,140
2025-08-17 23:05:00,Narela,Delhi,28.822836,77.101981,30.0,73.0,13.5,3.9,140
2025-08-17 23:50:00,Narela,Delhi,28.822836,77.101981,30.0,73.0,18.6,-1.0,140
2025-08-18 00:05:00,Narela,Delhi,28.822836,77.101981,41.0,103.0,20.7,4.6,245
2025-08-18 00:35:00,Narela,Delhi,28.822836,77.101981,41.0,103.0,17.1,3.1,245
2025-08-18 00:50:00,Narela,Delhi,28.822836,77.101981,41.0,103.0,20.9,2.9,245
2025-08-18 01:05:00,Narela,Delhi,28.822836,77.101981,30.0,97.0,22.3,2.9,229
2025-08-18 01:35:00,Narela,Delhi,28.822836,77.101981,30.0,97.0,26.0,2.5,229
2025-08-18 01:50:00,Narela,Delhi,28.822836,77.101981,30.0,97.0,24.8,2.5,229
2025-08-18 02:05:00,Narela,Delhi,28.822836,77.101981,47.0,86.0,-1.0,-1.0,184
2025-08-18 02:35:00,Narela,Delhi,28.822836,77.101981,47.0,86.0,-1.0,-1.0,184
2025-08-18 02:50:00,Narela,Delhi,28.822836,77.101981,47.0,86.0,87.2,3.4,184
2025-08-18 03:05:00,Narela,Delhi,28.822836,77.101981,41.0,111.0,46.7,2.1,281
2025-08-18 03:35:00,Narela,Delhi,28.822836,77.101981,41.0,111.0,47.9,2.1,281
2025-08-18 03:50:00,Narela,Delhi,28.822836,77.101981,41.0,111.0,46.8,2.8,281
2025-08-18 04:05:00,Narela,Delhi,28.822836,77.101981,44.0,111.0,44.4,2.8,281
2025-08-18 04:35:00,Narela,Delhi,28.822836,77.101981,44.0,111.0,43.1,3.1,281
2025-08-18 04:50:00,Narela,Delhi,28.822836,77.101981,44.0,111.0,45.0,3.1,281
2025-08-18 05:05:00,Narela,Delhi,28.822836,77.101981,30.0,74.0,37.1,3.0,140
2025-08-18 07:20:00,Narela,Delhi,28.822836,77.101981,42.0,99.0,29.6,3.2,229
2025-08-18 08:50:00,Narela,Delhi,28.822836,77.101981,33.0,72.0,26.9,2.6,140
2025-08-18 09:50:00,Narela,Delhi,28.822836,77.101981,30.0,72.0,23.0,1.9,140
2025-08-18 10:20:00,Narela,Delhi,28.822836,77.101981,22.0,74.0,19.9,4.3,140
2025-08-18 10:50:00,Narela,Delhi,28.822836,77.101981,22.0,74.0,19.3,7.0,140
2025-08-18 11:05:00,Narela,Delhi,28.822836,77.101981,25.0,89.0,19.7,7.3,200
2025-08-18 11:55:00,Narela,Delhi,28.822836,77.101981,20.0,77.0,19.2,6.1,155
2025-08-18 12:20:00,Narela,Delhi,28.822836,77.101981,20.0,77.0,20.8,5.0,155
2025-08-18 12:45:00,Narela,Delhi,28.822836,77.101981,20.0,77.0,27.5,5.7,155
2025-08-18 13:05:00,Narela,Delhi,28.822836,77.101981,18.0,68.0,30.1,4.4,123
2025-08-18 13:50:00,Narela,Delhi,28.822836,77.101981,18.0,68.0,110.4,3.2,123
2025-08-18 14:05:00,Narela,Delhi,28.822836,77.101981,17.0,50.0,99.5,3.0,82
2025-08-18 14:50:00,Narela,Delhi,28.822836,77.101981,17.0,50.0,54.1,2.5,82
2025-08-18 15:05:00,Narela,Delhi,28.822836,77.101981,20.0,62.0,47.2,2.8,108
2025-08-18 15:35:00,Narela,Delhi,28.822836,77.101981,20.0,62.0,42.1,4.1,108
2025-08-18 16:05:00,Narela,Delhi,28.822836,77.101981,25.0,78.0,40.1,5.4,155
2025-08-18 16:40:00,Narela,Delhi,28.822836,77.101981,25.0,78.0,30.5,5.7,155
2025-08-18 16:50:00,Narela,Delhi,28.822836,77.101981,25.0,78.0,29.5,5.5,155
2025-08-18 17:05:00,Narela,Delhi,28.822836,77.101981,20.0,96.0,29.1,3.7,213
2025-08-18 18:05:00,Narela,Delhi,28.822836,77.101981,17.0,64.0,24.6,0.7,108
2025-08-18 18:50:00,Narela,Delhi,28.822836,77.101981,17.0,64.0,27.4,1.9,108
2025-08-18 19:05:00,Narela,Delhi,28.822836,77.101981,19.0,69.0,25.4,3.1,123
2025-08-18 19:35:00,Narela,Delhi,28.822836,77.101981,19.0,69.0,25.2,7.2,123
2025-08-18 20:05:00,Narela,Delhi,28.822836,77.101981,29.0,119.0,24.1,7.0,307
2025-08-18 20:35:00,Narela,Delhi,28.822836,77.101981,29.0,119.0,21.0,7.3,307
2025-08-18 21:05:00,Narela,Delhi,28.822836,77.101981,39.0,97.0,25.0,4.9,229
2025-08-18 21:50:00,Narela,Delhi,28.822836,77.101981,39.0,97.0,20.4,3.4,229
2025-08-18 22:10:00,Narela,Delhi,28.822836,77.101981,33.0,81.0,19.8,2.9,170
2025-08-18 22:40:00,Narela,Delhi,28.822836,77.101981,33.0,81.0,19.5,2.4,170
2025-08-18 23:05:00,Narela,Delhi,28.822836,77.101981,36.0,77.0,17.0,2.6,155
2025-08-18 23:50:00,Narela,Delhi,28.822836,77.101981,36.0,77.0,18.1,-1.0,155
2025-08-19 00:05:00,Narela,Delhi,28.822836,77.101981,44.0,132.0,18.3,3.7,307
2025-08-19 00:35:00,Narela,Delhi,28.822836,77.101981,44.0,132.0,22.7,4.9,307
2025-08-19 00:50:00,Narela,Delhi,28.822836,77.101981,44.0,132.0,19.4,4.4,307
2025-08-19 00:50:00,Narela,Delhi,28.822836,77.101981,44.0,132.0,19.4,4.4,307
2025-08-17 22:55:00,Nehru Nagar,Delhi,28.56789,77.250515,52.0,100.0,28.4,9.9,229
2025-08-17 23:05:00,Nehru Nagar,Delhi,28.56789,77.250515,44.0,90.0,27.2,10.0,200
2025-08-17 23:55:00,Nehru Nagar,Delhi,28.56789,77.250515,44.0,90.0,28.1,14.6,200
2025-08-18 00:05:00,Nehru Nagar,Delhi,28.56789,77.250515,51.0,99.0,27.6,15.3,229
2025-08-18 00:35:00,Nehru Nagar,Delhi,28.56789,77.250515,51.0,99.0,28.3,15.2,229
2025-08-18 00:55:00,Nehru Nagar,Delhi,28.56789,77.250515,51.0,99.0,23.4,13.5,229
2025-08-18 01:05:00,Nehru Nagar,Delhi,28.56789,77.250515,55.0,100.0,21.3,12.5,229
2025-08-18 01:35:00,Nehru Nagar,Delhi,28.56789,77.250515,55.0,100.0,23.1,11.0,229
2025-08-18 01:55:00,Nehru Nagar,Delhi,28.56789,77.250515,55.0,100.0,18.4,-1.0,229
2025-08-18 02:05:00,Nehru Nagar,Delhi,28.56789,77.250515,40.0,86.0,-1.0,-1.0,184
2025-08-18 02:35:00,Nehru Nagar,Delhi,28.56789,77.250515,40.0,86.0,-1.0,-1.0,184
2025-08-18 02:55:00,Nehru Nagar,Delhi,28.56789,77.250515,40.0,86.0,16.8,5.6,184
2025-08-18 03:05:00,Nehru Nagar,Delhi,28.56789,77.250515,35.0,72.0,15.4,3.3,140
2025-08-18 03:35:00,Nehru Nagar,Delhi,28.56789,77.250515,35.0,72.0,13.3,3.9,140
2025-08-18 03:50:00,Nehru Nagar,Delhi,28.56789,77.250515,35.0,72.0,12.9,5.0,140
2025-08-18 04:05:00,Nehru Nagar,Delhi,28.56789,77.250515,13.0,63.0,12.7,4.9,108
2025-08-18 04:35:00,Nehru Nagar,Delhi,28.56789,77.250515,13.0,63.0,13.3,2.7,108
2025-08-18 04:55:00,Nehru Nagar,Delhi,28.56789,77.250515,13.0,63.0,18.1,5.4,108
2025-08-18 05:05:00,Nehru Nagar,Delhi,28.56789,77.250515,38.0,63.0,18.8,3.5,108
2025-08-18 07:25:00,Nehru Nagar,Delhi,28.56789,77.250515,34.0,61.0,24.2,3.7,108
2025-08-18 09:05:00,Nehru Nagar,Delhi,28.56789,77.250515,30.0,56.0,19.7,6.2,95
2025-08-18 09:55:00,Nehru Nagar,Delhi,28.56789,77.250515,30.0,56.0,15.3,6.0,95
2025-08-18 10:20:00,Nehru Nagar,Delhi,28.56789,77.250515,44.0,69.0,14.0,5.1,123
2025-08-18 10:50:00,Nehru Nagar,Delhi,28.56789,77.250515,44.0,69.0,14.2,6.4,123
2025-08-18 11:05:00,Nehru Nagar,Delhi,28.56789,77.250515,47.0,81.0,14.1,6.4,170
2025-08-18 11:55:00,Nehru Nagar,Delhi,28.56789,77.250515,47.0,81.0,14.7,7.8,170
2025-08-18 12:25:00,Nehru Nagar,Delhi,28.56789,77.250515,-1.0,70.5,14.2,7.9,140
2025-08-18 12:55:00,Nehru Nagar,Delhi,28.56789,77.250515,45.0,77.0,19.8,11.1,155
2025-08-18 13:05:00,Nehru Nagar,Delhi,28.56789,77.250515,45.0,72.0,21.3,10.5,140
2025-08-18 13:50:00,Nehru Nagar,Delhi,28.56789,77.250515,45.0,72.0,29.5,-1.0,140
2025-08-18 14:05:00,Nehru Nagar,Delhi,28.56789,77.250515,28.0,61.0,29.4,8.5,108
2025-08-18 14:55:00,Nehru Nagar,Delhi,28.56789,77.250515,28.0,61.0,34.3,9.8,108
2025-08-18 15:05:00,Nehru Nagar,Delhi,28.56789,77.250515,24.0,52.0,33.0,9.4,82
2025-08-18 15:35:00,Nehru Nagar,Delhi,28.56789,77.250515,24.0,52.0,33.7,8.6,82
2025-08-18 16:05:00,Nehru Nagar,Delhi,28.56789,77.250515,16.0,42.0,32.9,6.1,67
2025-08-18 16:35:00,Nehru Nagar,Delhi,28.56789,77.250515,16.0,42.0,34.3,6.2,67
2025-08-18 16:55:00,Nehru Nagar,Delhi,28.56789,77.250515,16.0,42.0,30.4,5.3,67
2025-08-18 17:10:00,Nehru Nagar,Delhi,28.56789,77.250515,14.0,41.0,25.0,4.2,67
2025-08-18 18:05:00,Nehru Nagar,Delhi,28.56789,77.250515,23.0,53.0,18.4,4.9,82
2025-08-18 18:55:00,Nehru Nagar,Delhi,28.56789,77.250515,23.0,53.0,16.4,6.9,82
2025-08-18 19:05:00,Nehru Nagar,Delhi,28.56789,77.250515,20.0,62.0,15.8,6.5,108
2025-08-18 19:55:00,Nehru Nagar,Delhi,28.56789,77.250515,20.0,62.0,15.7,-1.0,108
2025-08-18 20:10:00,Nehru Nagar,Delhi,28.56789,77.250515,31.0,84.0,15.6,8.1,184
2025-08-18 20:40:00,Nehru Nagar,Delhi,28.56789,77.250515,31.0,84.0,16.2,8.1,184
2025-08-18 21:05:00,Nehru Nagar,Delhi,28.56789,77.250515,28.0,96.0,21.6,8.2,213
2025-08-18 21:55:00,Nehru Nagar,Delhi,28.56789,77.250515,28.0,96.0,29.6,8.7,213
2025-08-18 22:05:00,Nehru Nagar,Delhi,28.56789,77.250515,28.0,97.0,29.0,9.2,229
2025-08-18 22:35:00,Nehru Nagar,Delhi,28.56789,77.250515,28.0,97.0,30.4,9.8,229
2025-08-18 23:05:00,Nehru Nagar,Delhi,28.56789,77.250515,38.0,110.0,29.6,9.9,260
2025-08-18 23:55:00,Nehru Nagar,Delhi,28.56789,77.250515,38.0,110.0,29.7,10.0,260
2025-08-19 00:05:00,Nehru Nagar,Delhi,28.56789,77.250515,42.0,110.0,28.8,9.7,260
2025-08-19 00:35:00,Nehru Nagar,Delhi,28.56789,77.250515,42.0,110.0,29.0,10.0,260
2025-08-19 00:50:00,Nehru Nagar,Delhi,28.56789,77.250515,42.0,110.0,29.1,9.9,260
2025-08-19 01:05:00,Nehru Nagar,Delhi,28.56789,77.250515,58.0,113.0,24.1,10.2,281
2025-08-19 01:35:00,Nehru Nagar,Delhi,28.56789,77.250515,58.0,113.0,26.5,10.2,281
2025-08-19 01:55:00,Nehru Nagar,Delhi,28.56789,77.250515,58.0,113.0,21.2,-1.0,281
2025-08-19 02:05:00,Nehru Nagar,Delhi,28.56789,77.250515,52.0,112.0,-1.0,-1.0,281
2025-08-19 02:35:00,Nehru Nagar,Delhi,28.56789,77.250515,52.0,112.0,-1.0,-1.0,281
2025-08-19 02:55:00,Nehru Nagar,Delhi,28.56789,77.250515,52.0,112.0,17.8,4.9,281
2025-08-19 03:05:00,Nehru Nagar,Delhi,28.56789,77.250515,45.0,90.0,16.2,5.5,200
2025-08-19 03:35:00,Nehru Nagar,Delhi,28.56789,77.250515,45.0,90.0,14.5,6.1,200
2025-08-19 03:55:00,Nehru Nagar,Delhi,28.56789,77.250515,45.0,90.0,14.0,6.2,200
2025-08-17 22:55:00,Okhla Phase-2,Delhi,28.530785,77.271255,36.0,102.0,23.4,4.8,245
2025-08-17 23:10:00,Okhla Phase-2,Delhi,28.530785,77.271255,44.0,152.0,23.4,4.5,324
2025-08-17 23:55:00,Okhla Phase-2,Delhi,28.530785,77.271255,44.0,152.0,25.1,4.1,324
2025-08-18 00:05:00,Okhla Phase-2,Delhi,28.530785,77.271255,47.0,114.0,25.2,4.1,281
2025-08-18 00:35:00,Okhla Phase-2,Delhi,28.530785,77.271255,47.0,114.0,24.1,4.3,281
2025-08-18 00:55:00,Okhla Phase-2,Delhi,28.530785,77.271255,47.0,114.0,24.1,3.7,281
2025-08-18 01:10:00,Okhla Phase-2,Delhi,28.530785,77.271255,33.0,129.0,24.0,3.6,307
2025-08-18 01:35:00,Okhla Phase-2,Delhi,28.530785,77.271255,33.0,129.0,27.6,3.9,307
2025-08-18 01:55:00,Okhla Phase-2,Delhi,28.530785,77.271255,33.0,129.0,27.3,4.2,307
2025-08-18 02:05:00,Okhla Phase-2,Delhi,28.530785,77.271255,25.0,77.0,-1.0,-1.0,155
2025-08-18 02:35:00,Okhla Phase-2,Delhi,28.530785,77.271255,25.0,77.0,-1.0,-1.0,155
2025-08-18 02:55:00,Okhla Phase-2,Delhi,28.530785,77.271255,25.0,77.0,25.2,4.4,155
2025-08-18 03:05:00,Okhla Phase-2,Delhi,28.530785,77.271255,25.0,64.0,24.2,4.3,108
2025-08-18 03:35:00,Okhla Phase-2,Delhi,28.530785,77.271255,25.0,64.0,23.2,4.9,108
2025-08-18 03:55:00,Okhla Phase-2,Delhi,28.530785,77.271255,25.0,64.0,24.7,4.5,108
2025-08-18 04:10:00,Okhla Phase-2,Delhi,28.530785,77.271255,23.0,61.0,20.6,4.4,108
2025-08-18 04:35:00,Okhla Phase-2,Delhi,28.530785,77.271255,23.0,61.0,20.3,5.4,108
2025-08-18 04:55:00,Okhla Phase-2,Delhi,28.530785,77.271255,23.0,61.0,18.6,5.4,108
2025-08-18 05:10:00,Okhla Phase-2,Delhi,28.530785,77.271255,29.0,84.0,20.4,5.5,184
2025-08-18 07:25:00,Okhla Phase-2,Delhi,28.530785,77.271255,29.0,85.0,21.4,6.3,184
2025-08-18 08:55:00,Okhla Phase-2,Delhi,28.530785,77.271255,31.0,77.0,24.2,5.6,155
2025-08-18 09:50:00,Okhla Phase-2,Delhi,28.530785,77.271255,31.0,72.0,22.8,6.0,140
2025-08-18 10:25:00,Okhla Phase-2,Delhi,28.530785,77.271255,38.0,92.0,24.8,4.5,200
2025-08-18 10:55:00,Okhla Phase-2,Delhi,28.530785,77.271255,38.0,92.0,26.4,4.5,200
2025-08-18 11:05:00,Okhla Phase-2,Delhi,28.530785,77.271255,39.0,107.0,24.6,4.2,260
2025-08-18 11:55:00,Okhla Phase-2,Delhi,28.530785,77.271255,39.0,107.0,26.1,4.7,260
2025-08-18 12:05:00,Okhla Phase-2,Delhi,28.530785,77.271255,36.0,103.0,21.8,4.5,245
2025-08-18 12:55:00,Okhla Phase-2,Delhi,28.530785,77.271255,36.0,103.0,24.1,4.4,245
2025-08-18 13:05:00,Okhla Phase-2,Delhi,28.530785,77.271255,36.0,101.0,23.6,4.3,229
2025-08-18 13:55:00,Okhla Phase-2,Delhi,28.530785,77.271255,36.0,101.0,24.4,4.5,229
2025-08-18 14:05:00,Okhla Phase-2,Delhi,28.530785,77.271255,29.0,77.0,22.3,4.3,155
2025-08-18 14:55:00,Okhla Phase-2,Delhi,28.530785,77.271255,29.0,77.0,21.6,4.7,155
2025-08-18 15:10:00,Okhla Phase-2,Delhi,28.530785,77.271255,28.0,64.0,23.2,5.1,108
2025-08-18 15:35:00,Okhla Phase-2,Delhi,28.530785,77.271255,28.0,64.0,24.7,4.7,108
2025-08-18 16:05:00,Okhla Phase-2,Delhi,28.530785,77.271255,13.0,59.0,21.6,4.5,95
2025-08-18 16:40:00,Okhla Phase-2,Delhi,28.530785,77.271255,13.0,59.0,22.7,4.7,95
2025-08-18 16:55:00,Okhla Phase-2,Delhi,28.530785,77.271255,13.0,59.0,21.0,4.9,95
2025-08-18 17:05:00,Okhla Phase-2,Delhi,28.530785,77.271255,13.0,53.0,22.1,4.6,82
2025-08-18 18:05:00,Okhla Phase-2,Delhi,28.530785,77.271255,20.0,62.0,25.4,4.7,108
2025-08-18 18:55:00,Okhla Phase-2,Delhi,28.530785,77.271255,20.0,62.0,27.7,4.6,108
2025-08-18 19:10:00,Okhla Phase-2,Delhi,28.530785,77.271255,19.0,77.0,26.7,4.5,155
2025-08-18 19:35:00,Okhla Phase-2,Delhi,28.530785,77.271255,19.0,77.0,27.4,4.7,155
2025-08-18 20:10:00,Okhla Phase-2,Delhi,28.530785,77.271255,30.0,101.0,28.4,5.2,229
2025-08-18 20:40:00,Okhla Phase-2,Delhi,28.530785,77.271255,30.0,101.0,29.0,7.0,229
2025-08-18 21:05:00,Okhla Phase-2,Delhi,28.530785,77.271255,27.0,116.0,26.7,5.6,281
2025-08-18 21:40:00,Okhla Phase-2,Delhi,28.530785,77.271255,27.0,116.0,28.6,5.0,281
2025-08-18 22:10:00,Okhla Phase-2,Delhi,28.530785,77.271255,28.0,110.0,27.6,5.0,260
2025-08-18 22:40:00,Okhla Phase-2,Delhi,28.530785,77.271255,28.0,110.0,28.1,4.5,260
2025-08-18 22:55:00,Okhla Phase-2,Delhi,28.530785,77.271255,28.0,110.0,28.0,4.2,260
2025-08-18 23:55:00,Okhla Phase-2,Delhi,28.530785,77.271255,30.0,113.0,23.6,4.3,281
2025-08-19 00:05:00,Okhla Phase-2,Delhi,28.530785,77.271255,24.0,103.0,26.3,4.2,245
2025-08-19 00:40:00,Okhla Phase-2,Delhi,28.530785,77.271255,24.0,103.0,22.5,4.7,245
2025-08-19 00:55:00,Okhla Phase-2,Delhi,28.530785,77.271255,24.0,103.0,21.7,5.2,245
2025-08-19 01:35:00,Okhla Phase-2,Delhi,28.530785,77.271255,29.0,94.0,27.7,4.3,213
2025-08-19 01:55:00,Okhla Phase-2,Delhi,28.530785,77.271255,29.0,94.0,25.0,4.8,213
2025-08-19 02:10:00,Okhla Phase-2,Delhi,28.530785,77.271255,23.0,78.0,-1.0,-1.0,155
2025-08-19 02:35:00,Okhla Phase-2,Delhi,28.530785,77.271255,23.0,78.0,-1.0,-1.0,155
2025-08-19 02:55:00,Okhla Phase-2,Delhi,28.530785,77.271255,23.0,78.0,28.7,5.1,155
2025-08-19 03:10:00,Okhla Phase-2,Delhi,28.530785,77.271255,53.0,143.0,25.6,4.5,324
2025-08-19 03:35:00,Okhla Phase-2,Delhi,28.530785,77.271255,53.0,143.0,23.3,5.1,324
2025-08-19 03:55:00,Okhla Phase-2,Delhi,28.530785,77.271255,53.0,143.0,23.5,5.4,324
2025-08-17 22:50:00,Patparganj,Delhi,28.623763,77.287209,-1.0,94.5,11.4,6.6,213
2025-08-17 23:05:00,Patparganj,Delhi,28.623763,77.287209,27.2,92.7,11.3,7.5,213
2025-08-17 23:50:00,Patparganj,Delhi,28.623763,77.287209,-1.0,92.7,10.8,-1.0,213
2025-08-18 00:05:00,Patparganj,Delhi,28.623763,77.287209,32.0,92.7,11.4,7.3,213
2025-08-18 00:35:00,Patparganj,Delhi,28.623763,77.287209,32.0,92.7,11.1,6.4,213
2025-08-18 00:50:00,Patparganj,Delhi,28.623763,77.287209,-1.0,92.7,11.5,6.5,213
2025-08-18 01:05:00,Patparganj,Delhi,28.623763,77.287209,35.2,92.7,11.1,6.5,213
2025-08-18 01:35:00,Patparganj,Delhi,28.623763,77.287209,35.2,92.7,14.4,5.6,213
2025-08-18 01:50:00,Patparganj,Delhi,28.623763,77.287209,-1.0,92.7,15.2,5.4,213
2025-08-18 02:05:00,Patparganj,Delhi,28.623763,77.287209,22.4,70.2,-1.0,-1.0,140
2025-08-18 02:35:00,Patparganj,Delhi,28.623763,77.287209,22.4,70.2,-1.0,-1.0,140
2025-08-18 02:50:00,Patparganj,Delhi,28.623763,77.287209,-1.0,70.2,16.3,2.5,140
2025-08-18 03:05:00,Patparganj,Delhi,28.623763,77.287209,32.0,71.1,16.2,2.2,140
2025-08-18 03:35:00,Patparganj,Delhi,28.623763,77.287209,32.0,71.1,13.5,2.4,140
2025-08-18 03:50:00,Patparganj,Delhi,28.623763,77.287209,32.0,71.1,12.3,4.1,140
2025-08-18 04:10:00,Patparganj,Delhi,28.623763,77.287209,32.0,61.2,12.2,3.6,108
2025-08-18 04:35:00,Patparganj,Delhi,28.623763,77.287209,32.0,61.2,11.6,2.3,108
2025-08-18 04:50:00,Patparganj,Delhi,28.623763,77.287209,32.0,61.2,11.9,3.2,108
2025-08-18 05:05:00,Patparganj,Delhi,28.623763,77.287209,27.2,72.0,11.2,3.5,140
2025-08-18 07:20:00,Patparganj,Delhi,28.623763,77.287209,10.4,54.9,12.0,5.4,95
2025-08-18 09:05:00,Patparganj,Delhi,28.623763,77.287209,30.4,80.1,12.4,6.0,170
2025-08-18 09:50:00,Patparganj,Delhi,28.623763,77.287209,30.4,80.1,11.9,6.3,170
2025-08-18 10:20:00,Patparganj,Delhi,28.623763,77.287209,35.2,84.6,12.8,4.1,184
2025-08-18 10:50:00,Patparganj,Delhi,28.623763,77.287209,35.2,84.6,14.2,2.6,184
2025-08-18 11:05:00,Patparganj,Delhi,28.623763,77.287209,36.8,71.1,15.0,2.6,140
2025-08-18 11:50:00,Patparganj,Delhi,28.623763,77.287209,-1.0,71.1,16.6,3.5,140
2025-08-18 12:25:00,Patparganj,Delhi,28.623763,77.287209,42.4,82.8,23.4,3.3,170
2025-08-18 12:55:00,Patparganj,Delhi,28.623763,77.287209,42.4,82.8,26.4,4.2,170
2025-08-18 13:05:00,Patparganj,Delhi,28.623763,77.287209,27.2,63.0,25.4,4.0,108
2025-08-18 13:50:00,Patparganj,Delhi,28.623763,77.287209,-1.0,63.0,24.5,3.3,108
2025-08-18 14:05:00,Patparganj,Delhi,28.623763,77.287209,23.2,55.8,23.7,3.3,95
2025-08-18 14:50:00,Patparganj,Delhi,28.623763,77.287209,-1.0,55.8,-1.0,3.2,95
2025-08-18 15:05:00,Patparganj,Delhi,28.623763,77.287209,19.2,62.1,20.4,2.8,108
2025-08-18 15:35:00,Patparganj,Delhi,28.623763,77.287209,19.2,62.1,18.0,4.4,108
2025-08-18 16:05:00,Patparganj,Delhi,28.623763,77.287209,14.4,57.6,17.5,5.8,95
2025-08-18 16:35:00,Patparganj,Delhi,28.623763,77.287209,14.4,57.6,18.0,5.6,95
2025-08-18 16:50:00,Patparganj,Delhi,28.623763,77.287209,-1.0,57.6,17.2,5.0,95
2025-08-18 17:05:00,Patparganj,Delhi,28.623763,77.287209,10.4,43.2,17.8,5.1,67
2025-08-18 18:05:00,Patparganj,Delhi,28.623763,77.287209,10.4,54.9,17.5,5.2,95
2025-08-18 18:50:00,Patparganj,Delhi,28.623763,77.287209,-1.0,54.9,18.1,5.7,95
2025-08-18 19:05:00,Patparganj,Delhi,28.623763,77.287209,15.2,77.4,18.6,5.5,155
2025-08-18 19:55:00,Patparganj,Delhi,28.623763,77.287209,15.2,77.4,18.0,5.7,155
2025-08-18 20:05:00,Patparganj,Delhi,28.623763,77.287209,19.2,104.4,17.1,5.5,245
2025-08-18 20:35:00,Patparganj,Delhi,28.623763,77.287209,19.2,104.4,16.4,3.5,245
2025-08-18 21:10:00,Patparganj,Delhi,28.623763,77.287209,27.2,136.8,19.2,4.4,307
2025-08-18 21:50:00,Patparganj,Delhi,28.623763,77.287209,-1.0,136.8,19.0,3.6,307
2025-08-18 22:05:00,Patparganj,Delhi,28.623763,77.287209,27.2,124.2,19.3,4.0,307
2025-08-18 22:40:00,Patparganj,Delhi,28.623763,77.287209,27.2,124.2,18.8,4.7,307
2025-08-18 23:05:00,Patparganj,Delhi,28.623763,77.287209,21.6,82.8,18.7,3.5,170
2025-08-18 23:55:00,Patparganj,Delhi,28.623763,77.287209,21.6,82.8,18.3,-1.0,170
2025-08-19 00:05:00,Patparganj,Delhi,28.623763,77.287209,19.2,72.9,17.2,3.5,140
2025-08-19 00:35:00,Patparganj,Delhi,28.623763,77.287209,19.2,72.9,17.3,6.2,140
2025-08-19 00:55:00,Patparganj,Delhi,28.623763,77.287209,19.2,72.9,16.0,8.1,140
2025-08-19 01:05:00,Patparganj,Delhi,28.623763,77.287209,18.4,81.0,16.3,7.8,170
2025-08-19 01:35:00,Patparganj,Delhi,28.623763,77.287209,18.4,81.0,20.8,7.9,170
2025-08-19 01:50:00,Patparganj,Delhi,28.623763,77.287209,-1.0,81.0,21.7,7.1,170
2025-08-19 02:10:00,Patparganj,Delhi,28.623763,77.287209,18.4,75.6,21.6,8.0,155
2025-08-19 02:35:00,Patparganj,Delhi,28.623763,77.287209,18.4,75.6,19.6,8.4,155
2025-08-19 02:50:00,Patparganj,Delhi,28.623763,77.287209,-1.0,75.6,19.2,8.0,155
2025-08-19 03:05:00,Patparganj,Delhi,28.623763,77.287209,18.4,56.7,18.7,7.5,95
2025-08-19 03:35:00,Patparganj,Delhi,28.623763,77.287209,18.4,56.7,19.1,8.8,95
2025-08-19 03:55:00,Patparganj,Delhi,28.623763,77.287209,18.4,56.7,18.7,7.8,95
2025-08-17 22:55:00,Punjabi Bagh,Delhi,28.674045,77.131023,36.0,114.0,-1.0,11.4,281
2025-08-17 23:05:00,Punjabi Bagh,Delhi,28.674045,77.131023,56.0,129.0,-1.0,13.1,307
2025-08-17 23:55:00,Punjabi Bagh,Delhi,28.674045,77.131023,56.0,129.0,-1.0,-1.0,307
2025-08-18 00:10:00,Punjabi Bagh,Delhi,28.674045,77.131023,47.0,146.0,-1.0,8.4,324
2025-08-18 00:40:00,Punjabi Bagh,Delhi,28.674045,77.131023,47.0,146.0,-1.0,13.1,324
2025-08-18 00:55:00,Punjabi Bagh,Delhi,28.674045,77.131023,47.0,146.0,-1.0,4.3,324
2025-08-18 01:05:00,Punjabi Bagh,Delhi,28.674045,77.131023,52.0,100.0,-1.0,11.7,229
2025-08-18 01:40:00,Punjabi Bagh,Delhi,28.674045,77.131023,52.0,100.0,-1.0,13.9,229
2025-08-18 01:55:00,Punjabi Bagh,Delhi,28.674045,77.131023,52.0,100.0,-1.0,7.6,229
2025-08-18 02:10:00,Punjabi Bagh,Delhi,28.674045,77.131023,74.0,99.0,-1.0,-1.0,229
2025-08-18 02:40:00,Punjabi Bagh,Delhi,28.674045,77.131023,74.0,99.0,-1.0,-1.0,229
2025-08-18 02:55:00,Punjabi Bagh,Delhi,28.674045,77.131023,74.0,99.0,-1.0,12.9,229
2025-08-18 03:10:00,Punjabi Bagh,Delhi,28.674045,77.131023,34.0,66.0,-1.0,9.0,123
2025-08-18 03:40:00,Punjabi Bagh,Delhi,28.674045,77.131023,34.0,66.0,-1.0,5.3,123
2025-08-18 03:55:00,Punjabi Bagh,Delhi,28.674045,77.131023,34.0,66.0,-1.0,13.2,123
2025-08-18 04:10:00,Punjabi Bagh,Delhi,28.674045,77.131023,18.0,52.0,-1.0,4.5,82
2025-08-18 04:40:00,Punjabi Bagh,Delhi,28.674045,77.131023,18.0,52.0,-1.0,16.0,82
2025-08-18 04:55:00,Punjabi Bagh,Delhi,28.674045,77.131023,18.0,52.0,-1.0,8.2,82
2025-08-18 05:05:00,Punjabi Bagh,Delhi,28.674045,77.131023,17.0,61.0,-1.0,-1.0,108
2025-08-18 07:25:00,Punjabi Bagh,Delhi,28.674045,77.131023,25.0,110.0,-1.0,-1.0,260
2025-08-18 08:55:00,Punjabi Bagh,Delhi,28.674045,77.131023,25.0,125.0,-1.0,6.3,307
2025-08-18 09:55:00,Punjabi Bagh,Delhi,28.674045,77.131023,66.0,140.0,-1.0,1.5,307
2025-08-18 10:25:00,Punjabi Bagh,Delhi,28.674045,77.131023,94.0,150.0,-1.0,6.0,324
2025-08-18 10:55:00,Punjabi Bagh,Delhi,28.674045,77.131023,94.0,150.0,-1.0,6.7,324
2025-08-18 11:10:00,Punjabi Bagh,Delhi,28.674045,77.131023,-1.0,117.0,-1.0,2.9,281
2025-08-18 11:40:00,Punjabi Bagh,Delhi,28.674045,77.131023,33.0,117.0,-1.0,4.6,281
2025-08-18 12:10:00,Punjabi Bagh,Delhi,28.674045,77.131023,-1.0,56.0,-1.0,0.0,95
2025-08-18 12:10:00,Punjabi Bagh,Delhi,28.674045,77.131023,-1.0,56.9,-1.0,0.0,95
2025-08-18 13:55:00,Punjabi Bagh,Delhi,28.674045,77.131023,-1.0,56.9,31.5,8.6,95
2025-08-18 14:10:00,Punjabi Bagh,Delhi,28.674045,77.131023,33.0,56.9,31.5,6.3,95
2025-08-18 14:55:00,Punjabi Bagh,Delhi,28.674045,77.131023,33.0,57.8,39.5,18.4,95
2025-08-18 15:05:00,Punjabi Bagh,Delhi,28.674045,77.131023,-1.0,57.8,37.8,16.2,95
2025-08-18 15:40:00,Punjabi Bagh,Delhi,28.674045,77.131023,28.0,58.7,35.3,21.2,95
2025-08-18 15:55:00,Punjabi Bagh,Delhi,28.674045,77.131023,28.0,59.6,41.1,13.1,95
2025-08-18 16:40:00,Punjabi Bagh,Delhi,28.674045,77.131023,19.0,60.5,39.1,13.7,95
2025-08-18 16:55:00,Punjabi Bagh,Delhi,28.674045,77.131023,19.0,62.4,-1.0,-1.0,108
2025-08-18 17:10:00,Punjabi Bagh,Delhi,28.674045,77.131023,-1.0,62.4,-1.0,-1.0,108
2025-08-18 18:10:00,Punjabi Bagh,Delhi,28.674045,77.131023,36.0,106.0,21.9,-1.0,260
2025-08-18 18:55:00,Punjabi Bagh,Delhi,28.674045,77.131023,36.0,106.0,19.9,-1.0,260
2025-08-18 19:10:00,Punjabi Bagh,Delhi,28.674045,77.131023,25.0,108.0,18.1,-1.0,260
2025-08-18 19:40:00,Punjabi Bagh,Delhi,28.674045,77.131023,25.0,108.0,18.5,-1.0,260
2025-08-18 20:10:00,Punjabi Bagh,Delhi,28.674045,77.131023,17.0,127.0,19.8,-1.0,307
2025-08-18 20:40:00,Punjabi Bagh,Delhi,28.674045,77.131023,17.0,127.0,19.3,-1.0,307
2025-08-18 21:10:00,Punjabi Bagh,Delhi,28.674045,77.131023,29.0,222.0,24.1,-1.0,371
2025-08-18 21:40:00,Punjabi Bagh,Delhi,28.674045,77.131023,29.0,222.0,20.5,-1.0,371
2025-08-18 22:10:00,Punjabi Bagh,Delhi,28.674045,77.131023,56.0,259.0,22.9,-1.0,403
2025-08-18 22:40:00,Punjabi Bagh,Delhi,28.674045,77.131023,56.0,259.0,25.6,-1.0,403
2025-08-18 22:55:00,Punjabi Bagh,Delhi,28.674045,77.131023,56.0,259.0,27.7,-1.0,403
2025-08-18 23:55:00,Punjabi Bagh,Delhi,28.674045,77.131023,31.0,152.0,23.9,-1.0,324
2025-08-19 00:10:00,Punjabi Bagh,Delhi,28.674045,77.131023,24.0,135.0,22.5,-1.0,307
2025-08-19 00:40:00,Punjabi Bagh,Delhi,28.674045,77.131023,24.0,135.0,16.4,-1.0,307
2025-08-19 00:55:00,Punjabi Bagh,Delhi,28.674045,77.131023,24.0,135.0,14.4,-1.0,307
2025-08-19 01:40:00,Punjabi Bagh,Delhi,28.674045,77.131023,-1.0,200.0,15.3,-1.0,356
2025-08-19 01:55:00,Punjabi Bagh,Delhi,28.674045,77.131023,50.0,200.0,15.1,-1.0,356
2025-08-19 02:10:00,Punjabi Bagh,Delhi,28.674045,77.131023,81.0,195.0,-1.0,-1.0,356
2025-08-19 02:40:00,Punjabi Bagh,Delhi,28.674045,77.131023,81.0,195.0,-1.0,-1.0,356
2025-08-19 02:55:00,Punjabi Bagh,Delhi,28.674045,77.131023,81.0,195.0,15.1,-1.0,356
2025-08-19 03:05:00,Punjabi Bagh,Delhi,28.674045,77.131023,-1.0,162.0,13.9,-1.0,324
2025-08-19 03:40:00,Punjabi Bagh,Delhi,28.674045,77.131023,53.0,162.0,12.8,-1.0,324
2025-08-19 03:55:00,Punjabi Bagh,Delhi,28.674045,77.131023,53.0,162.0,12.4,-1.0,324
2025-08-17 23:00:00,Pusa,Delhi,28.639645,77.146262,44.0,80.0,40.8,17.5,170
2025-08-17 23:40:00,Pusa,Delhi,28.639645,77.146262,44.0,80.0,32.8,14.1,170
2025-08-18 00:00:00,Pusa,Delhi,28.639645,77.146262,36.0,66.0,29.9,15.9,123
2025-08-18 00:30:00,Pusa,Delhi,28.639645,77.146262,36.0,66.0,26.8,19.2,123
2025-08-18 00:40:00,Pusa,Delhi,28.639645,77.146262,36.0,66.0,24.5,19.5,123
2025-08-18 01:00:00,Pusa,Delhi,28.639645,77.146262,75.0,99.0,26.0,16.3,229
2025-08-18 01:30:00,Pusa,Delhi,28.639645,77.146262,75.0,99.0,25.1,16.9,229
2025-08-18 01:50:00,Pusa,Delhi,28.639645,77.146262,75.0,99.0,25.1,16.2,229
2025-08-18 02:00:00,Pusa,Delhi,28.639645,77.146262,34.0,56.0,-1.0,-1.0,95
2025-08-18 02:30:00,Pusa,Delhi,28.639645,77.146262,34.0,56.0,-1.0,-1.0,95
2025-08-18 02:40:00,Pusa,Delhi,28.639645,77.146262,34.0,56.0,-1.0,-1.0,95
2025-08-18 03:00:00,Pusa,Delhi,28.639645,77.146262,25.0,62.0,34.4,12.8,108
2025-08-18 03:30:00,Pusa,Delhi,28.639645,77.146262,25.0,62.0,37.0,11.6,108
2025-08-18 03:40:00,Pusa,Delhi,28.639645,77.146262,25.0,62.0,36.8,12.1,108
2025-08-18 04:00:00,Pusa,Delhi,28.639645,77.146262,25.0,48.0,36.0,12.6,82
2025-08-18 04:30:00,Pusa,Delhi,28.639645,77.146262,25.0,48.0,35.1,12.4,82
2025-08-18 04:40:00,Pusa,Delhi,28.639645,77.146262,25.0,48.0,34.6,11.7,82
2025-08-18 05:00:00,Pusa,Delhi,28.639645,77.146262,23.0,39.0,33.6,12.4,67
2025-08-18 07:20:00,Pusa,Delhi,28.639645,77.146262,24.0,38.0,27.5,11.0,67
2025-08-18 09:00:00,Pusa,Delhi,28.639645,77.146262,34.0,51.0,25.5,13.3,82
2025-08-18 09:40:00,Pusa,Delhi,28.639645,77.146262,34.0,51.0,27.9,13.8,82
2025-08-18 10:10:00,Pusa,Delhi,28.639645,77.146262,48.0,99.0,31.0,14.5,229
2025-08-18 10:40:00,Pusa,Delhi,28.639645,77.146262,48.0,99.0,32.1,13.6,229
2025-08-18 11:00:00,Pusa,Delhi,28.639645,77.146262,46.0,69.0,34.2,13.3,123
2025-08-18 11:40:00,Pusa,Delhi,28.639645,77.146262,46.0,69.0,37.6,12.3,123
2025-08-18 12:10:00,Pusa,Delhi,28.639645,77.146262,51.0,91.0,14.4,11.8,200
2025-08-18 12:50:00,Pusa,Delhi,28.639645,77.146262,51.0,91.0,-1.0,10.4,200
2025-08-18 13:00:00,Pusa,Delhi,28.639645,77.146262,39.0,62.0,-1.0,10.3,108
2025-08-18 13:20:00,Pusa,Delhi,28.639645,77.146262,39.0,62.0,-1.0,10.6,108
2025-08-18 14:50:00,Pusa,Delhi,28.639645,77.146262,36.0,59.0,20.5,12.6,95
2025-08-18 15:00:00,Pusa,Delhi,28.639645,77.146262,22.0,51.0,20.7,12.8,82
2025-08-18 15:30:00,Pusa,Delhi,28.639645,77.146262,22.0,51.0,19.9,15.0,82
2025-08-18 16:00:00,Pusa,Delhi,28.639645,77.146262,24.0,44.0,16.8,14.0,67
2025-08-18 16:30:00,Pusa,Delhi,28.639645,77.146262,24.0,44.0,14.5,14.5,67
2025-08-18 16:40:00,Pusa,Delhi,28.639645,77.146262,24.0,44.0,14.0,15.5,67
2025-08-18 17:00:00,Pusa,Delhi,28.639645,77.146262,17.0,35.0,13.5,14.7,67
2025-08-18 18:00:00,Pusa,Delhi,28.639645,77.146262,9.0,40.0,12.0,14.3,67
2025-08-18 18:50:00,Pusa,Delhi,28.639645,77.146262,9.0,40.0,10.8,15.5,67
2025-08-18 19:00:00,Pusa,Delhi,28.639645,77.146262,11.0,44.0,10.6,15.5,67
2025-08-18 19:30:00,Pusa,Delhi,28.639645,77.146262,11.0,44.0,10.8,15.2,67
2025-08-18 20:00:00,Pusa,Delhi,28.639645,77.146262,20.0,72.0,13.6,15.3,140
2025-08-18 20:30:00,Pusa,Delhi,28.639645,77.146262,20.0,72.0,13.6,13.3,140
2025-08-18 21:00:00,Pusa,Delhi,28.639645,77.146262,22.0,73.0,14.0,9.6,140
2025-08-18 21:40:00,Pusa,Delhi,28.639645,77.146262,22.0,73.0,14.3,9.3,140
2025-08-18 22:00:00,Pusa,Delhi,28.639645,77.146262,23.0,86.0,14.6,9.5,184
2025-08-18 22:30:00,Pusa,Delhi,28.639645,77.146262,23.0,86.0,14.9,9.7,184
2025-08-18 23:00:00,Pusa,Delhi,28.639645,77.146262,23.0,70.0,14.9,10.5,140
2025-08-18 23:50:00,Pusa,Delhi,28.639645,77.146262,23.0,70.0,13.7,10.5,140
2025-08-19 00:00:00,Pusa,Delhi,28.639645,77.146262,20.0,53.0,13.2,10.4,82
2025-08-19 00:30:00,Pusa,Delhi,28.639645,77.146262,20.0,53.0,11.0,11.3,82
2025-08-19 00:50:00,Pusa,Delhi,28.639645,77.146262,20.0,53.0,8.7,11.6,82
2025-08-19 01:00:00,Pusa,Delhi,28.639645,77.146262,23.0,55.0,8.3,13.2,95
2025-08-19 01:30:00,Pusa,Delhi,28.639645,77.146262,23.0,55.0,6.4,16.0,95
2025-08-19 01:40:00,Pusa,Delhi,28.639645,77.146262,23.0,55.0,7.6,15.7,95
2025-08-19 02:00:00,Pusa,Delhi,28.639645,77.146262,24.0,91.0,10.7,15.0,200
2025-08-19 02:30:00,Pusa,Delhi,28.639645,77.146262,24.0,91.0,10.1,15.0,200
2025-08-19 02:50:00,Pusa,Delhi,28.639645,77.146262,24.0,91.0,6.5,14.8,200
2025-08-19 03:00:00,Pusa,Delhi,28.639645,77.146262,20.0,88.0,8.4,14.0,200
2025-08-19 03:30:00,Pusa,Delhi,28.639645,77.146262,20.0,88.0,9.0,15.0,200
2025-08-19 03:50:00,Pusa,Delhi,28.639645,77.146262,20.0,88.0,9.7,14.4,200
2025-08-17 22:45:00,R K Puram,Delhi,28.563262,77.186937,46.0,89.0,19.7,11.7,200
2025-08-17 23:00:00,R K Puram,Delhi,28.563262,77.186937,50.0,88.0,23.9,11.8,200
2025-08-17 23:10:00,R K Puram,Delhi,28.563262,77.186937,50.0,88.0,24.0,12.5,200
2025-08-18 00:00:00,R K Puram,Delhi,28.563262,77.186937,59.0,101.0,24.7,10.0,229
2025-08-18 00:15:00,R K Puram,Delhi,28.563262,77.186937,59.0,101.0,24.1,8.0,229
2025-08-18 00:45:00,R K Puram,Delhi,28.563262,77.186937,59.0,101.0,24.7,7.9,229
2025-08-18 01:00:00,R K Puram,Delhi,28.563262,77.186937,72.0,99.0,24.0,7.1,229
2025-08-18 01:15:00,R K Puram,Delhi,28.563262,77.186937,72.0,99.0,25.0,7.9,229
2025-08-18 01:45:00,R K Puram,Delhi,28.563262,77.186937,72.0,99.0,22.5,7.9,229
2025-08-18 02:00:00,R K Puram,Delhi,28.563262,77.186937,46.0,80.0,25.3,7.8,170
2025-08-18 02:15:00,R K Puram,Delhi,28.563262,77.186937,46.0,80.0,-1.0,-1.0,170
2025-08-18 02:45:00,R K Puram,Delhi,28.563262,77.186937,46.0,80.0,40.2,9.4,170
2025-08-18 03:00:00,R K Puram,Delhi,28.563262,77.186937,41.0,67.0,30.5,12.2,123
2025-08-18 03:15:00,R K Puram,Delhi,28.563262,77.186937,41.0,67.0,29.4,10.9,123
2025-08-18 03:45:00,R K Puram,Delhi,28.563262,77.186937,41.0,67.0,29.5,6.9,123
2025-08-18 04:00:00,R K Puram,Delhi,28.563262,77.186937,33.0,58.0,27.4,5.5,95
2025-08-18 04:15:00,R K Puram,Delhi,28.563262,77.186937,33.0,58.0,25.4,5.4,95
2025-08-18 04:45:00,R K Puram,Delhi,28.563262,77.186937,33.0,58.0,25.5,4.5,95
2025-08-18 05:00:00,R K Puram,Delhi,28.563262,77.186937,33.0,55.0,25.7,3.6,95
2025-08-18 05:10:00,R K Puram,Delhi,28.563262,77.186937,33.0,55.0,24.7,3.4,95
2025-08-18 07:30:00,R K Puram,Delhi,28.563262,77.186937,35.0,33.0,23.1,2.9,47
2025-08-18 09:00:00,R K Puram,Delhi,28.563262,77.186937,44.0,64.0,24.0,2.7,108
2025-08-18 10:00:00,R K Puram,Delhi,28.563262,77.186937,69.0,85.0,24.3,3.7,184
2025-08-18 10:30:00,R K Puram,Delhi,28.563262,77.186937,69.0,85.0,23.3,0.7,184
2025-08-18 11:00:00,R K Puram,Delhi,28.563262,77.186937,66.0,100.0,24.6,1.2,229
2025-08-18 11:15:00,R K Puram,Delhi,28.563262,77.186937,66.0,100.0,23.6,1.2,229
2025-08-18 12:00:00,R K Puram,Delhi,28.563262,77.186937,64.0,96.0,24.3,0.9,213
2025-08-18 12:15:00,R K Puram,Delhi,28.563262,77.186937,64.0,96.0,24.6,0.9,213
2025-08-18 13:00:00,R K Puram,Delhi,28.563262,77.186937,59.0,94.0,25.9,0.7,213
2025-08-18 13:15:00,R K Puram,Delhi,28.563262,77.186937,59.0,94.0,25.7,0.2,213
2025-08-18 14:00:00,R K Puram,Delhi,28.563262,77.186937,44.0,74.0,27.1,-1.0,140
2025-08-18 14:15:00,R K Puram,Delhi,28.563262,77.186937,44.0,74.0,26.4,-1.0,140
2025-08-18 15:00:00,R K Puram,Delhi,28.563262,77.186937,30.0,58.0,27.8,0.1,95
2025-08-18 15:10:00,R K Puram,Delhi,28.563262,77.186937,30.0,58.0,26.8,0.7,95
2025-08-18 15:45:00,R K Puram,Delhi,28.563262,77.186937,30.0,58.0,28.1,-1.0,95
2025-08-18 16:15:00,R K Puram,Delhi,28.563262,77.186937,22.0,61.0,27.2,-1.0,108
2025-08-18 16:45:00,R K Puram,Delhi,28.563262,77.186937,22.0,61.0,27.2,-1.0,108
2025-08-18 17:00:00,R K Puram,Delhi,28.563262,77.186937,22.0,42.0,27.3,-1.0,67
2025-08-18 17:15:00,R K Puram,Delhi,28.563262,77.186937,22.0,42.0,27.6,-1.0,67
2025-08-18 18:15:00,R K Puram,Delhi,28.563262,77.186937,24.0,56.0,27.2,-1.0,95
2025-08-18 19:00:00,R K Puram,Delhi,28.563262,77.186937,23.0,61.0,28.9,-1.0,108
2025-08-18 19:15:00,R K Puram,Delhi,28.563262,77.186937,23.0,61.0,28.8,-1.0,108
2025-08-18 19:45:00,R K Puram,Delhi,28.563262,77.186937,23.0,61.0,27.4,0.2,108
2025-08-18 20:15:00,R K Puram,Delhi,28.563262,77.186937,30.0,81.0,29.5,-1.0,170
2025-08-18 20:45:00,R K Puram,Delhi,28.563262,77.186937,30.0,81.0,29.6,-1.0,170
2025-08-18 21:15:00,R K Puram,Delhi,28.563262,77.186937,38.0,108.0,28.5,1.0,260
2025-08-18 21:45:00,R K Puram,Delhi,28.563262,77.186937,38.0,108.0,29.6,1.6,260
2025-08-18 22:15:00,R K Puram,Delhi,28.563262,77.186937,39.0,101.0,29.3,1.5,229
2025-08-18 22:45:00,R K Puram,Delhi,28.563262,77.186937,39.0,101.0,29.8,0.8,229
2025-08-18 23:00:00,R K Puram,Delhi,28.563262,77.186937,40.0,103.0,29.4,-1.0,245
2025-08-19 00:00:00,R K Puram,Delhi,28.563262,77.186937,33.0,80.0,28.2,11.9,170
2025-08-19 00:15:00,R K Puram,Delhi,28.563262,77.186937,33.0,80.0,27.6,12.9,170
2025-08-19 00:45:00,R K Puram,Delhi,28.563262,77.186937,33.0,80.0,27.5,14.6,170
2025-08-19 01:00:00,R K Puram,Delhi,28.563262,77.186937,33.0,68.0,18.6,14.0,123
2025-08-19 01:45:00,R K Puram,Delhi,28.563262,77.186937,33.0,68.0,25.0,13.6,123
2025-08-19 02:00:00,R K Puram,Delhi,28.563262,77.186937,33.0,70.0,25.3,13.0,140
2025-08-19 02:15:00,R K Puram,Delhi,28.563262,77.186937,33.0,70.0,-1.0,-1.0,140
2025-08-19 02:45:00,R K Puram,Delhi,28.563262,77.186937,33.0,70.0,39.2,15.5,140
2025-08-19 03:00:00,R K Puram,Delhi,28.563262,77.186937,47.0,84.0,32.8,16.9,184
2025-08-19 03:10:00,R K Puram,Delhi,28.563262,77.186937,47.0,84.0,30.8,16.1,184
2025-08-19 03:45:00,R K Puram,Delhi,28.563262,77.186937,47.0,84.0,27.3,14.1,184
2025-08-19 04:00:00,R K Puram,Delhi,28.563262,77.186937,46.0,86.0,26.0,12.7,184
2025-08-17 22:45:00,Rohini,Delhi,28.732528,77.11992,57.0,121.0,36.0,3.9,307
2025-08-17 23:00:00,Rohini,Delhi,28.732528,77.11992,38.0,62.0,35.1,3.8,108
2025-08-17 23:15:00,Rohini,Delhi,28.732528,77.11992,38.0,62.0,34.8,3.4,108
2025-08-18 00:00:00,Rohini,Delhi,28.732528,77.11992,28.0,58.0,34.6,3.2,95
2025-08-18 00:15:00,Rohini,Delhi,28.732528,77.11992,28.0,58.0,33.7,3.7,95
2025-08-18 00:45:00,Rohini,Delhi,28.732528,77.11992,28.0,58.0,35.0,3.6,95
2025-08-18 01:00:00,Rohini,Delhi,28.732528,77.11992,30.0,69.0,34.5,3.8,123
2025-08-18 01:10:00,Rohini,Delhi,28.732528,77.11992,30.0,69.0,33.4,3.6,123
2025-08-18 01:45:00,Rohini,Delhi,28.732528,77.11992,30.0,69.0,34.6,3.6,123
2025-08-18 02:00:00,Rohini,Delhi,28.732528,77.11992,28.0,70.0,34.5,4.0,140
2025-08-18 02:15:00,Rohini,Delhi,28.732528,77.11992,28.0,70.0,34.3,4.1,140
2025-08-18 02:45:00,Rohini,Delhi,28.732528,77.11992,28.0,70.0,34.1,4.4,140
2025-08-18 03:00:00,Rohini,Delhi,28.732528,77.11992,58.0,89.0,32.8,4.8,200
2025-08-18 03:15:00,Rohini,Delhi,28.732528,77.11992,58.0,89.0,31.5,5.3,200
2025-08-18 03:45:00,Rohini,Delhi,28.732528,77.11992,58.0,89.0,31.9,5.5,200
2025-08-18 04:00:00,Rohini,Delhi,28.732528,77.11992,46.0,78.0,31.2,5.0,155
2025-08-18 04:15:00,Rohini,Delhi,28.732528,77.11992,46.0,78.0,30.3,5.1,155
2025-08-18 04:45:00,Rohini,Delhi,28.732528,77.11992,46.0,78.0,32.9,5.0,155
2025-08-18 05:00:00,Rohini,Delhi,28.732528,77.11992,55.0,91.0,32.6,5.4,200
2025-08-18 05:10:00,Rohini,Delhi,28.732528,77.11992,55.0,91.0,31.8,5.5,200
2025-08-18 07:30:00,Rohini,Delhi,28.732528,77.11992,29.0,62.0,33.2,5.3,108
2025-08-18 09:00:00,Rohini,Delhi,28.732528,77.11992,35.0,78.0,33.8,5.6,155
2025-08-18 10:00:00,Rohini,Delhi,28.732528,77.11992,44.0,70.0,34.3,5.0,140
2025-08-18 10:30:00,Rohini,Delhi,28.732528,77.11992,44.0,70.0,32.4,4.7,140
2025-08-18 11:00:00,Rohini,Delhi,28.732528,77.11992,28.0,44.0,33.7,4.6,67
2025-08-18 11:15:00,Rohini,Delhi,28.732528,77.11992,28.0,44.0,34.3,4.1,67
2025-08-18 12:00:00,Rohini,Delhi,28.732528,77.11992,28.0,46.0,35.7,4.2,82
2025-08-18 12:15:00,Rohini,Delhi,28.732528,77.11992,28.0,46.0,35.6,4.0,82
2025-08-18 12:55:00,Rohini,Delhi,28.732528,77.11992,28.0,46.0,36.9,4.8,82
2025-08-18 13:15:00,Rohini,Delhi,28.732528,77.11992,18.0,40.0,36.8,4.5,67
2025-08-18 14:00:00,Rohini,Delhi,28.732528,77.11992,24.0,46.0,37.4,4.6,82
2025-08-18 15:00:00,Rohini,Delhi,28.732528,77.11992,23.0,52.0,38.8,4.9,82
2025-08-18 15:45:00,Rohini,Delhi,28.732528,77.11992,23.0,52.0,40.5,4.7,82
2025-08-18 16:15:00,Rohini,Delhi,28.732528,77.11992,18.0,56.0,40.8,4.6,95
2025-08-18 16:45:00,Rohini,Delhi,28.732528,77.11992,18.0,56.0,43.4,4.9,95
2025-08-18 17:00:00,Rohini,Delhi,28.732528,77.11992,17.0,51.0,44.9,5.3,82
2025-08-18 17:15:00,Rohini,Delhi,28.732528,77.11992,17.0,51.0,44.9,5.3,82
2025-08-18 18:15:00,Rohini,Delhi,28.732528,77.11992,14.0,63.0,44.1,3.7,108
2025-08-18 19:00:00,Rohini,Delhi,28.732528,77.11992,12.0,74.0,39.5,3.9,140
2025-08-18 19:10:00,Rohini,Delhi,28.732528,77.11992,12.0,74.0,37.5,4.0,140
2025-08-18 19:40:00,Rohini,Delhi,28.732528,77.11992,12.0,74.0,35.5,4.4,140
2025-08-18 20:15:00,Rohini,Delhi,28.732528,77.11992,28.0,129.0,32.2,5.6,307
2025-08-18 20:45:00,Rohini,Delhi,28.732528,77.11992,28.0,129.0,33.9,5.3,307
2025-08-18 21:10:00,Rohini,Delhi,28.732528,77.11992,42.0,141.0,33.1,5.2,307
2025-08-18 21:40:00,Rohini,Delhi,28.732528,77.11992,42.0,141.0,33.1,5.2,307
2025-08-18 22:15:00,Rohini,Delhi,28.732528,77.11992,62.0,121.0,31.9,5.1,307
2025-08-18 22:45:00,Rohini,Delhi,28.732528,77.11992,62.0,121.0,33.4,5.2,307
2025-08-18 23:00:00,Rohini,Delhi,28.732528,77.11992,40.0,118.0,32.8,5.0,281
2025-08-19 00:00:00,Rohini,Delhi,28.732528,77.11992,41.0,105.0,32.7,5.0,245
2025-08-19 00:15:00,Rohini,Delhi,28.732528,77.11992,41.0,105.0,31.5,4.5,245
2025-08-19 00:45:00,Rohini,Delhi,28.732528,77.11992,41.0,105.0,32.5,4.2,245
2025-08-19 01:00:00,Rohini,Delhi,28.732528,77.11992,45.0,114.0,32.1,4.4,281
2025-08-19 01:45:00,Rohini,Delhi,28.732528,77.11992,45.0,114.0,32.4,5.0,281
2025-08-19 02:00:00,Rohini,Delhi,28.732528,77.11992,48.0,125.0,32.3,5.1,307
2025-08-19 02:05:00,Rohini,Delhi,28.732528,77.11992,48.0,125.0,31.7,4.9,307
2025-08-19 02:45:00,Rohini,Delhi,28.732528,77.11992,48.0,125.0,33.0,4.9,307
2025-08-19 03:00:00,Rohini,Delhi,28.732528,77.11992,63.0,129.0,32.9,4.9,307
2025-08-19 03:10:00,Rohini,Delhi,28.732528,77.11992,63.0,129.0,32.2,5.0,307
2025-08-19 03:45:00,Rohini,Delhi,28.732528,77.11992,63.0,129.0,34.3,4.8,307
2025-08-19 04:00:00,Rohini,Delhi,28.732528,77.11992,44.0,91.0,33.7,4.7,200
2025-08-17 22:50:00,Sonia Vihar,Delhi,28.710508,77.249485,62.0,99.0,26.5,-1.0,229
2025-08-17 23:05:00,Sonia Vihar,Delhi,28.710508,77.249485,48.0,70.0,28.9,-1.0,140
2025-08-17 23:50:00,Sonia Vihar,Delhi,28.710508,77.249485,48.0,70.0,23.7,-1.0,140
2025-08-18 00:00:00,Sonia Vihar,Delhi,28.710508,77.249485,48.0,66.0,34.5,-1.0,123
2025-08-18 00:30:00,Sonia Vihar,Delhi,28.710508,77.249485,48.0,66.0,36.5,-1.0,123
2025-08-18 00:50:00,Sonia Vihar,Delhi,28.710508,77.249485,48.0,66.0,40.4,-1.0,123
2025-08-18 01:05:00,Sonia Vihar,Delhi,28.710508,77.249485,52.0,78.0,39.5,-1.0,155
2025-08-18 01:35:00,Sonia Vihar,Delhi,28.710508,77.249485,52.0,78.0,35.9,-1.0,155
2025-08-18 01:50:00,Sonia Vihar,Delhi,28.710508,77.249485,52.0,78.0,38.9,-1.0,155
2025-08-18 02:05:00,Sonia Vihar,Delhi,28.710508,77.249485,157.0,143.0,-1.0,-1.0,324
2025-08-18 02:35:00,Sonia Vihar,Delhi,28.710508,77.249485,157.0,143.0,-1.0,-1.0,324
2025-08-18 02:50:00,Sonia Vihar,Delhi,28.710508,77.249485,157.0,143.0,69.0,-1.0,324
2025-08-18 03:05:00,Sonia Vihar,Delhi,28.710508,77.249485,23.0,69.0,43.8,-1.0,123
2025-08-18 03:35:00,Sonia Vihar,Delhi,28.710508,77.249485,23.0,69.0,33.5,-1.0,123
2025-08-18 03:50:00,Sonia Vihar,Delhi,28.710508,77.249485,23.0,69.0,32.9,-1.0,123
2025-08-18 04:05:00,Sonia Vihar,Delhi,28.710508,77.249485,45.0,80.0,31.1,-1.0,170
2025-08-18 04:30:00,Sonia Vihar,Delhi,28.710508,77.249485,45.0,80.0,27.3,-1.0,170
2025-08-18 04:50:00,Sonia Vihar,Delhi,28.710508,77.249485,45.0,80.0,27.0,-1.0,170
2025-08-18 05:05:00,Sonia Vihar,Delhi,28.710508,77.249485,96.0,118.0,26.0,-1.0,281
2025-08-18 07:20:00,Sonia Vihar,Delhi,28.710508,77.249485,58.0,74.0,30.0,-1.0,140
2025-08-18 08:50:00,Sonia Vihar,Delhi,28.710508,77.249485,140.0,144.0,47.4,-1.0,324
2025-08-18 09:50:00,Sonia Vihar,Delhi,28.710508,77.249485,83.0,96.0,50.6,-1.0,213
2025-08-18 10:20:00,Sonia Vihar,Delhi,28.710508,77.249485,47.0,67.0,51.1,-1.0,123
2025-08-18 10:50:00,Sonia Vihar,Delhi,28.710508,77.249485,47.0,67.0,48.3,-1.0,123
2025-08-18 11:05:00,Sonia Vihar,Delhi,28.710508,77.249485,24.0,58.0,44.3,-1.0,95
2025-08-18 11:50:00,Sonia Vihar,Delhi,28.710508,77.249485,24.0,58.0,35.2,-1.0,95
2025-08-18 12:00:00,Sonia Vihar,Delhi,28.710508,77.249485,24.0,45.0,33.9,-1.0,82
2025-08-18 12:50:00,Sonia Vihar,Delhi,28.710508,77.249485,24.0,45.0,27.9,-1.0,82
2025-08-18 13:00:00,Sonia Vihar,Delhi,28.710508,77.249485,22.0,50.0,27.6,-1.0,82
2025-08-18 13:50:00,Sonia Vihar,Delhi,28.710508,77.249485,22.0,50.0,25.2,-1.0,82
2025-08-18 14:50:00,Sonia Vihar,Delhi,28.710508,77.249485,23.0,46.0,26.7,-1.0,82
2025-08-18 15:35:00,Sonia Vihar,Delhi,28.710508,77.249485,35.0,52.0,29.8,-1.0,82
2025-08-18 16:05:00,Sonia Vihar,Delhi,28.710508,77.249485,20.0,42.0,38.7,-1.0,67
2025-08-18 16:35:00,Sonia Vihar,Delhi,28.710508,77.249485,20.0,42.0,52.3,-1.0,67
2025-08-18 16:50:00,Sonia Vihar,Delhi,28.710508,77.249485,20.0,42.0,65.6,-1.0,67
2025-08-18 17:05:00,Sonia Vihar,Delhi,28.710508,77.249485,22.0,63.0,64.4,-1.0,108
2025-08-18 18:05:00,Sonia Vihar,Delhi,28.710508,77.249485,30.0,66.0,71.9,-1.0,123
2025-08-18 18:50:00,Sonia Vihar,Delhi,28.710508,77.249485,30.0,66.0,78.9,-1.0,123
2025-08-18 19:05:00,Sonia Vihar,Delhi,28.710508,77.249485,17.0,78.0,65.3,-1.0,155
2025-08-18 19:35:00,Sonia Vihar,Delhi,28.710508,77.249485,17.0,78.0,51.6,-1.0,155
2025-08-18 20:05:00,Sonia Vihar,Delhi,28.710508,77.249485,64.0,135.0,43.2,-1.0,307
2025-08-18 20:35:00,Sonia Vihar,Delhi,28.710508,77.249485,64.0,135.0,35.9,-1.0,307
2025-08-18 21:05:00,Sonia Vihar,Delhi,28.710508,77.249485,78.0,155.0,32.9,-1.0,324
2025-08-18 21:35:00,Sonia Vihar,Delhi,28.710508,77.249485,78.0,155.0,27.8,-1.0,324
2025-08-18 22:05:00,Sonia Vihar,Delhi,28.710508,77.249485,53.0,162.0,26.8,-1.0,324
2025-08-18 22:35:00,Sonia Vihar,Delhi,28.710508,77.249485,53.0,162.0,28.4,-1.0,324
2025-08-18 22:50:00,Sonia Vihar,Delhi,28.710508,77.249485,53.0,162.0,24.9,-1.0,324
2025-08-18 23:50:00,Sonia Vihar,Delhi,28.710508,77.249485,111.0,162.0,36.8,-1.0,324
2025-08-19 00:05:00,Sonia Vihar,Delhi,28.710508,77.249485,157.0,205.0,40.0,-1.0,371
2025-08-19 00:35:00,Sonia Vihar,Delhi,28.710508,77.249485,157.0,205.0,38.3,-1.0,371
2025-08-19 00:50:00,Sonia Vihar,Delhi,28.710508,77.249485,157.0,205.0,41.5,-1.0,371
2025-08-19 01:35:00,Sonia Vihar,Delhi,28.710508,77.249485,331.0,322.0,35.9,-1.0,463
2025-08-19 01:50:00,Sonia Vihar,Delhi,28.710508,77.249485,331.0,322.0,38.4,-1.0,463
2025-08-19 02:05:00,Sonia Vihar,Delhi,28.710508,77.249485,241.0,243.0,-1.0,-1.0,387
2025-08-19 02:35:00,Sonia Vihar,Delhi,28.710508,77.249485,241.0,243.0,-1.0,-1.0,387
2025-08-19 02:50:00,Sonia Vihar,Delhi,28.710508,77.249485,241.0,243.0,71.8,-1.0,387
2025-08-19 03:05:00,Sonia Vihar,Delhi,28.710508,77.249485,210.0,254.0,44.5,-1.0,403
2025-08-19 03:35:00,Sonia Vihar,Delhi,28.710508,77.249485,210.0,254.0,32.7,-1.0,403
2025-08-19 03:50:00,Sonia Vihar,Delhi,28.710508,77.249485,210.0,254.0,33.5,-1.0,403
2025-08-17 22:55:00,Vivek Vihar,Delhi,28.672342,77.31526,33.0,138.0,2.5,-1.0,307
2025-08-17 23:10:00,Vivek Vihar,Delhi,28.672342,77.31526,33.0,78.0,3.4,-1.0,155
2025-08-17 23:55:00,Vivek Vihar,Delhi,28.672342,77.31526,25.0,78.0,-1.0,-1.0,155
2025-08-18 00:10:00,Vivek Vihar,Delhi,28.672342,77.31526,25.0,72.0,-1.0,-1.0,140
2025-08-18 13:55:00,Vivek Vihar,Delhi,28.672342,77.31526,-1.0,72.0,-1.0,-1.0,140
2025-08-18 14:55:00,Vivek Vihar,Delhi,28.672342,77.31526,-1.0,81.1,-1.0,-1.0,170
2025-08-18 15:40:00,Vivek Vihar,Delhi,28.672342,77.31526,-1.0,80.7,-1.0,-1.0,170
2025-08-18 16:10:00,Vivek Vihar,Delhi,28.672342,77.31526,-1.0,80.3,-1.0,-1.0,170
2025-08-18 16:40:00,Vivek Vihar,Delhi,28.672342,77.31526,-1.0,79.9,-1.0,-1.0,170
2025-08-18 16:55:00,Vivek Vihar,Delhi,28.672342,77.31526,-1.0,64.0,-1.0,-1.0,108
2025-08-18 17:10:00,Vivek Vihar,Delhi,28.672342,77.31526,-1.0,64.0,-1.0,-1.0,108
2025-08-18 18:10:00,Vivek Vihar,Delhi,28.672342,77.31526,-1.0,78.0,3.2,-1.0,155
2025-08-18 18:55:00,Vivek Vihar,Delhi,28.672342,77.31526,-1.0,132.0,-1.0,-1.0,307
2025-08-18 19:10:00,Vivek Vihar,Delhi,28.672342,77.31526,-1.0,132.0,4.0,-1.0,307
2025-08-18 19:35:00,Vivek Vihar,Delhi,28.672342,77.31526,-1.0,132.0,1.5,-1.0,307
2025-08-18 20:10:00,Vivek Vihar,Delhi,28.672342,77.31526,-1.0,108.0,4.1,-1.0,260
2025-08-18 20:40:00,Vivek Vihar,Delhi,28.672342,77.31526,-1.0,82.1,4.4,-1.0,170
2025-08-18 21:05:00,Vivek Vihar,Delhi,28.672342,77.31526,-1.0,134.0,2.7,-1.0,307
2025-08-18 21:35:00,Vivek Vihar,Delhi,28.672342,77.31526,-1.0,134.0,1.4,-1.0,307
2025-08-18 22:10:00,Vivek Vihar,Delhi,28.672342,77.31526,-1.0,130.0,3.5,-1.0,307
2025-08-18 22:35:00,Vivek Vihar,Delhi,28.672342,77.31526,-1.0,130.0,7.5,-1.0,307
2025-08-18 22:55:00,Vivek Vihar,Delhi,28.672342,77.31526,-1.0,141.0,4.5,-1.0,307
2025-08-18 23:55:00,Vivek Vihar,Delhi,28.672342,77.31526,-1.0,195.0,4.8,-1.0,356
2025-08-19 00:10:00,Vivek Vihar,Delhi,28.672342,77.31526,-1.0,195.0,3.9,-1.0,356
2025-08-19 00:40:00,Vivek Vihar,Delhi,28.672342,77.31526,-1.0,101.2,4.9,-1.0,229
2025-08-19 00:55:00,Vivek Vihar,Delhi,28.672342,77.31526,-1.0,162.0,5.9,-1.0,324
2025-08-19 01:40:00,Vivek Vihar,Delhi,28.672342,77.31526,-1.0,104.6,3.4,-1.0,245
2025-08-19 01:55:00,Vivek Vihar,Delhi,28.672342,77.31526,-1.0,150.0,6.3,-1.0,324
2025-08-19 02:10:00,Vivek Vihar,Delhi,28.672342,77.31526,-1.0,150.0,5.1,-1.0,324
2025-08-19 02:40:00,Vivek Vihar,Delhi,28.672342,77.31526,-1.0,109.0,3.3,-1.0,260
2025-08-19 02:55:00,Vivek Vihar,Delhi,28.672342,77.31526,-1.0,116.0,7.9,-1.0,281
2025-08-19 03:10:00,Vivek Vihar,Delhi,28.672342,77.31526,-1.0,116.0,4.9,-1.0,281
2025-08-19 03:40:00,Vivek Vihar,Delhi,28.672342,77.31526,-1.0,110.0,5.3,-1.0,260
2025-08-19 03:55:00,Vivek Vihar,Delhi,28.672342,77.31526,-1.0,106.0,4.9,-1.0,260
2025-08-18 08:25:00,Wazirpur,Delhi,28.699793,77.165453,51.0,114.0,35.4,6.2,281
2025-08-18 10:20:00,Wazirpur,Delhi,28.699793,77.165453,62.0,149.0,41.0,6.5,324
2025-08-18 11:00:00,Wazirpur,Delhi,28.699793,77.165453,39.0,59.0,40.8,6.0,95
2025-08-18 11:15:00,Wazirpur,Delhi,28.699793,77.165453,39.0,59.0,38.6,7.2,95
2025-08-18 11:45:00,Wazirpur,Delhi,28.699793,77.165453,39.0,59.0,35.6,7.5,95
2025-08-18 12:00:00,Wazirpur,Delhi,28.699793,77.165453,33.0,103.0,33.4,6.6,245
2025-08-18 12:00:00,Wazirpur,Delhi,28.699793,77.165453,33.0,103.0,33.4,6.6,245
